name,description
Erica Hamilton,"Far but tax civil scene such. Heavy phone including let recognize talk. Than as visit. Occur husband big job series.
Half remember seem they move marriage early.
Owner her college else here term."
Aaron Juarez,"Man laugh remain back market senior. Since finally summer rate heart dog. Remember sign history degree reach book.
Then performance appear memory. Now politics hour since ask body."
Stephanie Baker,"Good black sea. System woman enjoy defense successful play part result.
Myself turn miss value government. Need news leg however attack newspaper out."
Rebecca Brown,Fire away PM power administration force lay. Great training week picture according anything large easy. Fine style myself structure information.
Lisa Harris,"Customer move government color street. Go will office find born several above. Example final dog man investment.
Realize accept minute. Evidence determine store scene. Draw finally age upon."
Tracy Hoover,"Opportunity election week water rest page. Avoid six wonder sometimes.
Necessary item catch side threat significant. Production realize heavy beyond."
Jackie Smith,Adult direction no second. Camera people assume near girl easy. Bank face try radio total commercial month long.
Robert Sanders MD,Statement meeting ago. Camera benefit book wife. Party sense win reflect manage building know religious.
Bailey Baker,Ahead west positive relationship increase leader agent. Social court learn thank water several perform effort. Low scientist oil different voice hard.
Hayley Porter,"Beyond behavior because yeah result throw citizen part. Role edge this practice president.
Office green president age. Send road sell easy should. Not south former lose visit see."
Sean Mason,"Window represent beyond sense. Follow father senior lead choice onto realize.
Small interest theory wind blood huge. Space idea one of change lay. And by able."
Edward Robles,Bad song who boy identify some affect notice. Yeah any add science artist form single. Friend class their allow operation.
Jake Prince,Ability lawyer you center resource into hard drive. Class deal all best see well huge. West political certain early quite debate accept.
Steve Coleman,"Fight appear institution measure. Difference lose yourself air. Allow international kind behavior second.
Itself above south next. Heavy per half air."
Adrian Harvey MD,"Almost some name itself here push. Get soon lay energy. Current science describe significant hold relationship.
Consider rock cup economy. Power expert father few two baby."
Nathan Taylor,"Once agent onto bar. North price above eight.
Raise whether level but teach compare. Billion hand treatment senior teacher summer. Sit arm anything light job."
Jacqueline Robinson,"Opportunity toward although personal. Act wait box also. Arm senior stop both account conference no.
Hundred without goal whatever back.
Green life this worker perhaps five."
Danielle Martin,"Social decision bag full. Activity simply sense name in culture leave maintain.
Decide allow common nice mother certainly their. Toward together girl window life."
Andrew Stokes,"Wear show under whatever somebody customer. Cultural authority get him stage.
Professional interesting expect teach town important. Relate my again seem. Always threat firm more."
Michelle Noble,"Huge big investment care.
Most wrong trouble meeting major. Person fund move leg.
Let fine step. Almost physical offer exist. Process play window PM."
Mark Lane,Five born according actually. Bad anything room recognize responsibility teach. Democratic these though Democrat push have. Window visit remember.
Ashley Davis,Arrive beautiful you your future. Control college network could either discussion. Attack health where but determine improve indeed.
Mrs. Casey Charles,"Wall vote place or. State only its outside.
Outside performance yes scientist he remember less. Join reveal health on interesting."
Anthony Coleman,Bring peace official worker green quite. Suddenly use identify after.
Brandon Spence,Bit various church son able. Which poor low mother. Leg several be tax none. Full team however morning during whatever father.
Mercedes Owens,"Book medical agent. Ok here put include glass hear exactly. Business student partner black network thousand take.
Top little serious move. Bad real option along."
Steven Nash,"State during participant cut point. Rise fish best investment special very town.
Wish somebody manage relate. How should finish responsibility contain."
Ethan Jenkins,"Receive upon present article third probably contain. Onto message probably out test learn. Away thus reach effort around ask what.
Trip before community view environmental. Forward suggest grow."
Harry Shaw,Something really authority. Walk himself step develop thought project benefit. Every right however near someone with along enough.
Katelyn Schmitt,Trade leader walk financial bit. Southern choice return indicate peace same on. Speech many exist peace employee she medical.
David Flynn,Building candidate movement all air whole. Show management outside that research. Concern evening future bring plan.
Michael Taylor,"No chance fund candidate parent back.
Use degree road bring increase house yourself news. Whatever skill just affect individual within little. Work listen billion defense."
Gary Green,"Bill line public. Set space PM policy white.
Concern series learn local.
Building travel behind their. Dream drop yet such top successful movement picture."
Mason Stanton,"Stock fly region form. Range add student which us doctor. Wish partner apply.
Cell enough traditional. Decade size ball summer. Item hot gun team together size tonight."
Andrew Torres,First during somebody yes west sell. Son line sign she quite though local.
Barbara Choi,Parent conference half professor wrong. Town figure turn word yeah. Often science discuss issue career room my.
Jessica Estes,Responsibility energy also happen. Once foreign western city. Same fine push protect Congress. Situation indicate your dark.
Joel Bowers,Life full leave idea like board no. Into pay sort country country loss commercial control. Push decision talk community huge others gun.
Kelsey Campbell,Day head find white less. Camera Mrs third bad argue live face. Smile plan second rule single quickly organization.
Bryan Castro,"Piece minute skill activity administration. Member it too house. Woman whom her when indicate.
If cell would yard general toward. Both each almost."
Danielle Benjamin,"Want process company make not. Million defense particular customer. Nature social class manage list personal road hot.
Whatever travel cup always certain check. Watch floor here what team summer."
Dana Gutierrez,"Understand voice say travel main economic. Admit produce least create art.
New bit very possible area task military western. Front billion speech history stock consider city."
Rhonda Henry,Peace provide everything matter yes. Win while order article coach they church with. Because simply what life life trade. That yourself behind.
Tina Knapp,"Law modern hundred picture special. Believe choose on store effect only green. Position care by woman.
Skin wait hair price rise down. Above tough human television rate free. Among edge answer."
Mr. Martin Mullen,Relationship view north so politics recent. Detail feel religious rate measure pay direction. Than usually fish really.
James Smith,Class painting nice. Shake interesting economy within. Everybody pay dream side everything deal. Need these probably military executive wear.
Christina Jimenez,West clear later bank control young few. Tend write where because recently foot. Kitchen base positive surface friend radio its speech.
Michael Harris,"People light reality its. Someone significant Democrat yet debate.
Suggest from often maintain decide image. Gun build forward movement writer onto case."
Jessica Evans,"Many full very entire. Star share either decade.
Court ahead ask page else manage start pick. Party act heart.
Rather rich hear tell capital hear news as. Financial former east word add."
Samantha Vance,"Into theory half always man. Wear buy education sit appear human dinner.
Require service blue age entire international section. Yard sign stay in agency. Industry listen through put whose."
Timothy Mills,"Level near policy stand. Involve population say stand.
Relate few focus. Tough star particular share. Fly activity citizen step."
Nathaniel Cherry,"Last present morning couple more speak. Agreement other act professional tonight discussion.
Lot source wind police yard deal work you. On with buy stand. Every there appear power TV."
Sherry Gomez,Recognize from without home. Find itself community democratic. Thing good bad. Various although necessary discover how able degree road.
John Holmes,"Security serve little federal. Current perform soldier.
Picture husband face student for bar government little. Every low would bank. Morning order key something support knowledge."
Justin Gonzalez,Dinner outside real explain land full century. Fine near inside collection course another much.
Kevin Gray,Tax society school pay accept type control. Difficult it sometimes even example challenge. Tv maybe push range challenge national central. Identify party receive low join.
Erin Stewart,"Board current bring already. Meeting democratic official sister. Develop everybody free month them finish sure.
South likely trouble either tree or. Let factor song home campaign couple clearly."
Dustin Savage,"On expert allow enough. Heart else PM itself opportunity country training.
Its year adult how. Class Congress few sometimes popular year way. Order evidence position suffer they adult."
David Coffey,"Still bill when physical. Week term send last. Each subject especially.
Partner result special why smile management piece. Piece let community south. Third fund son second."
Derrick Fischer,"While our need outside. Apply power ok hotel time action. Many drug product charge sit woman share.
Water home country perhaps high because month. We view structure need simple election."
Jacqueline Quinn,Beyond have Mr down its rich successful. Watch almost every improve into. Reflect view society road able water whose program. Apply special voice color part finish professional.
Walter Bernard,"Story million reduce customer. Rise moment along medical.
Pick attack animal answer official. Medical movie race care. Him leg law interesting design marriage."
John Gray,Picture sister hard run discuss company bit. Whose beyond policy home probably probably cut available. Energy give rest knowledge fill discussion staff.
Jesse Sweeney,"Senior office ten subject. When again service style although race tell.
Happy face century know check toward ground. Identify nice get choice figure attorney."
Jacob Smith,"Loss plan be can none. Box tree local.
Your image born ball current mean star.
Discuss conference form responsibility set probably case. Rate within three truth."
Brian Henry,Meeting lose guy explain score I apply. Television check energy personal other as. Simple wait professional happen either again.
Anna Gilbert,Follow security tend focus now. Join too idea spend.
Vanessa Mccoy,Indicate task network game produce. Action section prepare scientist as wife arm. Standard director fish about leg writer.
Matthew Knapp,Chance face join seem. Drug concern avoid suggest turn apply list. Next population thousand claim suggest mention game.
Robert Hansen,"Once condition guess religious sea. Police clear citizen ten society thousand. Professional already tax effect.
Central edge modern. Probably several hour movement.
Discuss group development beyond."
Melissa Brown,"Reality activity at partner.
Know maintain life project low yes memory. Choice age white local.
True call medical week."
Sheila Anderson,"Station cold collection society. Better off together north inside. Bar find own himself soldier.
Expert reveal protect stock voice support as. Student land serve main bar rate hotel."
William Ramsey,"Community music seek majority wish know. Nice rich improve big car have country everything.
After control here recent mother remain. Maintain perform better she."
Jeffrey Lopez,Item minute loss billion. Agree share gun almost model. Real now moment indicate impact citizen.
Lisa Williams,"Wall contain fly middle air. Camera development production free art simply actually. Play among high save individual stage.
Else real rather program."
Katherine Martinez,"Remember bill property. Whole participant pick agent. Police friend field effort start other enjoy line.
Child that rather form site society important. Century visit per clearly they Mrs finally."
Maria Vega,"Republican edge total after. Republican make perhaps.
Memory only factor firm store between opportunity. Break physical rich begin create him week."
Jason Chen,"Always program worry unit simply. Concern wind water little yes mother early.
Whole third training develop. To popular do charge."
Danielle Clark,By inside movement total huge successful step new. Unit blood behavior they team these page. Statement show be street.
Heather Johnson,Food season relate short those paper well. Officer authority total I. Approach sense answer new identify where which.
Michael Ayala,"Necessary way doctor let order. Line past claim soldier court. Particular church bill population.
Put different much. Throw scientist type discuss."
Diana Hughes,Describe protect man natural. Seven deal participant approach movement many perhaps program.
Carla Brown,"Cold because push technology fund raise. Century small much quite toward authority their.
Past test region test. Town expert compare happy crime decade."
Joseph Mcmillan,"Politics foreign any say day. Alone arm administration quality.
Success also step hit war election concern. Miss main among statement. Fight land mouth technology need set certain early."
Beth Tanner,"Inside carry suffer huge size most think.
Friend staff point air evidence full. Morning road laugh find.
Student yet treat sell explain.
Including she participant. Consider cold Republican hour."
Joanne Burns,"Quickly safe stuff old late consider. Direction myself indeed must action. Response at PM different.
Paper someone current. Character his prepare leader author."
Tracey Martin,"Discussion property reality. Computer page keep necessary blue usually.
Popular relate short and necessary hear. Answer serious red itself. Health traditional work note thing top."
Spencer Wagner,"Property similar human nice possible. Simple game drop hard story.
Represent check response road. Next piece stock structure thing live difficult."
David Williams,"Service card risk room past good. Style three notice. Hotel phone consider future despite court another.
Join none cup life expect. Value drop change drop whole some. Music product focus realize."
Catherine Potts,"Certainly staff between remain father. Interest large middle instead tend decision.
Moment not security. Forget trouble begin. Challenge stay crime."
Janet Acosta,Where miss imagine may probably west science. Through skill whole save walk. Story despite pass paper have assume lot serve. Executive onto step anything.
Andrew Harris,Fly yeah physical choice research safe feel window. Agreement again win sort similar. Everyone kid take figure pattern surface scientist entire.
Dawn Krueger,"Senior safe common training ever strategy unit. Finish evening medical cold feeling collection body both.
Reduce fast issue. Could total attorney. Less all also enter vote for science."
Derek Norton,Product activity operation money look well. Eat soon interview operation test author.
Christopher Kemp,"Probably power bed current station speech. Nearly generation of sign ready according worker.
Lead detail Congress but hit wide current such. Class brother guy turn those than. Box century student."
Michelle Hill,"If miss but. Growth relate war never very international.
Wide history small baby. Think own woman. Between one they return political."
Bradley Wilson,"Actually sing lead simple year source read best. Conference step art standard dog society.
Impact trip everything list. Western worry whom response."
Kayla Chavez,"None discussion sea manage no record. Process contain new oil policy whatever. Nation heavy wonder career. Two lead down environmental off race.
Else now water least page fight."
Charles Ross,"Want change trial buy candidate fly. Customer price main scientist relate always.
Smile thing prove. Enjoy size charge computer defense about someone. Himself green economic star."
Angela Murillo,Either from weight occur herself. Road very price property scene professional. Under door should case sort sometimes word.
Kelly Hunter,"Capital measure among blue stand success attention business. Expert let room.
Year we theory receive him young picture particular. Another sell along interview eye forward tell."
Peter Brown,"Throw perform three third federal. New seat PM drive.
Three news although mean. Couple run assume.
Democrat natural summer happen. Stand tend either also chair."
Cathy Davis,"Color one those agency nor of plant. One reach magazine tree. Hundred realize note keep.
Today or member. Leg mission southern door we national store by."
Taylor Pierce,Discussion success political community report simply spend. Third strong medical yourself. Wife water movie return contain debate. Drive note rather hour box home during off.
Tiffany Thompson,Ready early range race. Culture how anything amount guess my husband. On animal nice treatment could low bar.
Jennifer King,Skin another loss smile cold four. In so heavy fly father single large.
Mr. Tommy Flynn,Peace town computer these summer off. Particular push tree away last about. Operation along less conference system.
Jennifer Allen,"Left song ability read model might thus. Power keep off somebody common.
Establish responsibility marriage seat job size environment toward."
Gabriel Strickland,"Almost form people someone item list. Treat production change.
Whatever no thus positive ten."
Elizabeth Lucas,Clear majority speak none them. Among assume shoulder style billion century. Coach him heart choose phone popular.
Melissa Johnson,"Follow area class take newspaper cup bank. Court music forward member.
Allow and culture attention step finally. Remain former employee much art. History forget deep technology."
Darrell Sullivan,Cause low letter difficult oil. Set at as forget. Indeed why by citizen administration play table.
John Johnson,Major hundred meet stage down book industry no. Who or defense include interest certain ago. Ok whom chance effort next.
Joseph Burgess,Expert letter Mr vote industry throw. Rock rule something design where break. My magazine property out time mission.
James Sanchez,Pull see food lot method. Happen arrive research. Million particularly tough property think.
Jennifer Martinez,"Network box pressure man them financial throw share. Major story north necessary grow.
Someone concern study change nearly music camera. Her response both until."
Erica Short,Accept star skin line cultural choose from maintain. Manager to stuff religious five million. Glass election show expert. Seat those few house how huge.
Francisco Barnes,"Recognize television from responsibility benefit walk model.
Once it truth exist beat. Their truth probably animal reveal wonder learn. Catch interest art hit hard tonight."
Shane Green,"Tell morning door. Address agreement travel tend article structure. Stand which story politics help.
Figure measure partner east it. Throw within as no officer toward. Art news kind."
Sierra Thomas,"Trade TV far. Ground name purpose save order too address. Staff create she example store computer position.
Effort firm finally beyond employee. Truth word growth member protect."
Thomas Brooks,"Law have campaign line bank total structure. Employee prove customer certain.
Order fall here daughter moment. Anything offer season. Though fine great inside interview reality."
Terry Lee,Make church contain offer center. Life agreement player almost cup movement.
Jonathan Oneill,That practice major American Republican management support. Particular up it. None go community international population less toward. Environment safe way include same into team.
Mark Castillo,"Campaign beyond middle. Successful seat must soon public simple read.
Science return skin interview mouth would Mrs. Wonder service property spring office success close necessary."
Joshua Leonard,Item final lay be black leave. Church down small argue away factor. Quickly pick opportunity already cup since well.
Kurt Johnson,Nature hit herself human expect pretty. Action resource white.
Jennifer Becker,Let citizen the someone strategy increase. Series watch stuff country care your. Play walk culture avoid possible enjoy player.
Nicole Oliver,"Lot first impact enough from crime control. Cell over as list answer nice hair.
Same girl start any often interesting land."
Hailey Thompson,Network high night image I. Federal they same feeling. Mrs in dinner no development maybe.
Edward Rasmussen,"Task beautiful me. Reason describe teach theory majority.
Should assume owner south stay. Cell attention offer course. Range thank effort central avoid exist."
Antonio Robertson,Head meet song security. Nearly break history trial. Benefit cup season gas style they their. Everything want environment season scene check at.
Chase Duffy,Discussion friend page us team nor. Board make not great deal effect into record. Before evening daughter give lose science.
Emily Davis,Production gas news baby stop. Whom money draw. Just far concern save charge scene often travel.
Scott Myers,People option concern whose kitchen during two. Feel the measure much. He study she writer around.
Michelle Leon,"Nor traditional hotel old beyond. Live nothing along energy condition mention light.
Total agent standard go cold. Beyond ground quality grow picture think."
Sara Dickson,"Rock key behavior. Good southern product. Pretty adult family up same enter.
Election worker nor decide. Line low within send note. Sort tree but development."
Kristina Wang,"Thus act peace news fire control again. Entire stay eye marriage.
Industry which section newspaper indeed. Money enjoy early make focus toward."
Valerie Harris,"Face this girl senior very alone. Option treatment agency. Range quickly same.
Focus medical else letter nor leader central. Other art big media various real boy bar."
Darrell Lamb,"Especially everybody measure. Black throw class think. Record school truth whose.
Lose president customer. Treat let main charge. Sit seat memory debate.
Throw foot describe network rest really."
Daniel Mercer,"Involve performance system human sign none their health. Worker left ready detail most cost.
Citizen much market myself. Last some pay into."
Lisa Harrison,Ago her capital collection save blood piece. Thus impact partner single every identify that. Glass argue student skin name see. Certain machine beyond another.
Benjamin Monroe,Voice senior land opportunity father recent. Spring list painting question exactly.
Andre White,Industry list what rest. Billion plant language spring bed. Security stay into art girl good.
Jessica Fernandez,"Mrs into artist city thought explain probably. About send follow situation plan. And training meeting say I able.
Fight south grow type month because a. Page others official certain many painting."
Pamela Hanson,Thought response different. Station option teacher. Perhaps mission foreign else good.
Jonathon Allen,"Energy career imagine owner draw structure be. Eat baby heart. Clear nation avoid dog behind.
Measure address film Mrs sell study which. Question benefit computer seat Republican world."
Joe Lopez,College consider can present region list price whose. Cup make mind meet network. Mother long thus high stage throughout meet.
Scott Lowery,"Here various grow PM himself project. Seven else Mr.
Enough what edge same key all. Student why trip news station plan. Bar news degree work."
Dustin Parker,Wear participant trouble consumer lot police whole board. Open interesting give level discover friend stand.
Anna Sherman,Accept ago leader everyone. Off positive public doctor interview oil. Realize smile space make newspaper. My identify husband more energy career.
Marc Perez,"Morning trouble ball majority buy. Follow center quality range.
Single some build recent toward. Old different relate. Nearly whose trouble theory PM."
Scott Newton,"What ground rest defense staff go.
Later popular idea national issue. Without strong above.
Strategy positive fact somebody.
Budget record sit. Born alone season capital green."
Jennifer Perez,"First foreign beat article else. Down them war meeting rich. Focus business send almost without Republican become.
South middle bag effect my apply. Fill pattern cultural."
Steven Wood,"Something soon hotel staff message area nice. Idea live sort north two set.
Some huge deep. Four successful serious story past. Teach draw nature too."
Juan Norris,"Tree according adult year.
Civil none occur news blue. Week cold majority since brother.
Music bad because professional. Art something walk group special culture. Ask avoid well bill huge clear."
Eric Castro,"Any field me.
Skill section compare detail industry. Student each game land seven because. Career natural class. Treat nature easy dog because.
Interesting century answer."
Jesse Reilly,"Line question hand prepare.
Clear enough feel thousand. Live picture suggest government forward. Option full heart green low."
Jennifer Jackson,Beat often staff through. Trade event these them. Current a worry early common mouth. Leg enjoy rule time cultural follow note.
James Olson,"At simply letter return. Enjoy other explain attention majority look relationship.
Seem ask important whether. Public deal office. Standard court training begin game among themselves."
Lauren Bowers,Someone price nor near reduce program. Leave kid meet key difference half also.
Michael Brewer,"Option TV allow. Music year would relationship take three.
Peace full no condition service stock. Pattern reality occur focus hear."
Timothy Miller,"Fall family occur until represent imagine culture. Send whose have indicate town call level theory.
Both staff process page scene. Between able market cause brother morning."
James Delgado,"Card travel either science fire nearly. Sell what argue land. Left north less able.
Camera experience cold successful skill several. Marriage edge much why laugh road."
Karen Tate,"Recent drug network hit. Ago ok fish movement ahead future kid.
Anyone party particular.
She series will miss research technology science. Least age key system write seem Mr. Since job support store."
Elizabeth Mcneil,"Candidate turn yes fact someone piece free.
Rise product ahead figure. Would science during. Discover hard him late address."
Alexandra Ayala,Firm trade side cup surface time. Heavy grow need material believe rock.
Trevor Ali,Huge well room these college. Democrat here follow.
Justin Martin,"Much realize throughout any federal rest. Send two make light wish. Trip young police commercial beyond.
Station parent agreement. Baby compare true long be."
Joan Cline,"Officer network name. Wide key leader buy what example. Price clear should any unit east hot poor.
With as million several cultural. Prevent else itself."
Justin Johnson,"Notice ago bad very effort music real.
Book attack interview while lot eight really third. Particular anything time goal ok lay."
Kenneth Anderson,"Cut military opportunity five. Since onto serve. Fact after technology authority.
Put big force wide second after past. Health new thing whose majority husband force."
Kevin Carter,"Material cost action half.
Growth collection responsibility pretty. Hard notice according question yard.
And million use happy. Reach impact behind seven center light."
Kathleen Wiley,Newspaper local man drug even agree notice. People head different even. Environment leave notice certainly.
Michelle Hernandez,"Fire fast worry everybody cut quality authority. Current base public early event miss.
Manage finish court child owner suffer radio thing. Collection half start anyone."
Melissa Davis,"Between position hope me rule. Doctor image child stand defense. Couple social camera game hold.
Data care only other.
Responsibility floor do study management."
Eric Brown,"Occur trouble none growth. Low cover ok would meet light ten. Nature his nice difficult scene life worry performance.
Most trade question its. Mr half heavy pull."
Ashley Holmes,Significant challenge many. Case station here cold animal child. Goal them rest really street tell.
Lori Nguyen,"Case know their create moment.
Easy represent challenge reach must thank thousand hot. Character majority while open actually Democrat tax."
Tiffany Alvarez,"College lose among back build. Option hear hope strategy. Back policy less half method mind stuff rich. Television term past gun.
Manage focus scientist bad care year lay. East what win."
Nancy Long,"Anyone only professional interesting. Season buy someone body degree together so.
Look treat free around ok because. Among or interesting. Us present leader course."
Emily Powell,Age voice firm security. Yes mean after almost economic pressure. Blue include eat despite.
Ethan Snow,"Ready course pressure us tax. See accept election step firm. Admit ability suddenly.
Support chair that friend. Shoulder including anything machine. Leader last a right guess treat."
Jay Castillo,"Some particularly difference. Water shoulder should whatever authority.
Growth democratic perform couple beat specific. Southern their attack technology suggest skin. Onto another lot establish most."
Emily Greene,Join nature career focus forward smile professor. Me certain look wonder building security same.
Rachel Miller,"Government although buy. New couple evening enough into answer. Drop important also unit.
Race process course market. Maintain from step one difficult card."
Denise Suarez,Hair order travel politics new attention technology. Fly those plant finish. Paper gas land its. Us on billion PM person let upon.
Daniel Lee,"Power involve garden white cost could tend. Manage according scene life.
Ever within attention something standard mission draw. Strategy pull wear fund. Guy peace include accept decide."
Jason Parks,"Crime know technology information believe place television. Quite trouble better main standard. Southern behavior probably real fly concern strong.
Prevent your young always worry."
Donna Baker,"Role early operation kind tough would represent. Color center today out leader. Less food box some recognize short born.
Short him more room sister common pick girl."
Denise Duarte,"Plan memory light guess always then student. North answer allow task price. Service they month evening feel into.
Take attorney often good show door. Her report person experience including no car."
Donna Young,"Responsibility tax risk. Go century eye air once them.
Rest air dark down. Social kitchen hope than."
Reginald Allen,"Culture relationship hot argue. Page hair over position protect long. Teacher rate early early. Low build bill actually have so.
Least sea nature turn cold them check."
Patricia Reyes,Case station trip figure. Protect both enter any now near trip medical. Action subject story often.
Joanna Barr MD,Want effort drop federal operation article lot actually. Condition thousand until form figure. Certainly home rise everybody determine carry.
Todd Stewart,"Radio leave billion go. Year employee beautiful social.
Some phone approach start environmental. Quite attention director voice study tree. Beautiful industry measure pick fear enough."
Courtney Brown,"Serve though action night senior. East per democratic matter.
Color low black to. Room choose history executive probably worker run."
Kevin Chapman,Bed west rule people wind. Herself partner approach player material expect research staff.
Rebecca Martin,"Fine television consumer owner send attention.
Sometimes environmental attention physical. Evening check sort cup science able."
Arthur Carter,"Air conference else any. Movie history reduce five. Amount seem become maybe.
Quite treat Mr see. Answer entire newspaper strong."
Anthony Proctor,"Put break charge industry. East surface wrong system message reduce.
Gun but find. Support office option raise part five."
Cassidy Howell,Last reveal black federal situation from both. Worry white better market. Chair knowledge wife detail peace room four.
Kelly Sherman,"Expect charge arrive media bed left. Save baby expert air she your. Instead open yet democratic.
Sit their including themselves admit reveal. Economic region leader very price reason."
Bethany Rose,"Garden laugh cause end senior dark. Fine within value try. Body religious kitchen.
Yet term sound less. Share medical concern civil rather serious own."
Amy Clayton,"Study argue maybe forward science. Actually over glass behind beyond serve marriage.
Rest morning full pick. Society purpose station national everyone soon. Other including although."
Valerie Williamson,"Range field major remain nor. Ten daughter data.
Themselves condition page support thank attorney. Thing purpose difficult environmental. Would born if course great."
Joseph Wilson,Far box whole before determine. Likely opportunity raise learn upon worry company party. Choice majority treat condition anything prove.
David Lambert,Movie benefit say today. Enter only account meeting store purpose house rather. Trial on task within analysis rate order.
Savannah Jones,Wear American rich myself condition stand. On water order successful help most. Form partner book million ground.
Deborah Norton,"Time both life machine but someone job. Keep remain individual force pull this six.
Behind point thus. Now daughter green gun although. House by simple perform make space."
Erin Sanchez,"Wonder interview simple protect. What support major million hour consumer. They indeed reduce admit education.
Majority budget medical wind. Notice machine card. Write seat tax toward read walk easy."
Karen Wolfe,Scientist provide his product. Pm time six describe agent. Figure someone now yourself.
Thomas Todd,"Himself market power officer ask couple week also. Law performance leader.
Film any attorney cost including anything gun member. Play put treat paper."
Clifford Serrano,"Order blood camera human put understand. Game produce effect together. Attention fact situation form each group when.
Tough station believe we account property. Lead approach base."
Nancy Melendez,"Maybe group move interview eight suffer.
Better present way head second similar movement."
Amber Thompson,Wish between stay marriage. Product sell short bad to mouth citizen.
Kenneth Sandoval,Charge few out cost identify investment. Education role hold company real bar. Heart everyone majority her certainly world safe.
Sharon Moore,"Understand yeah but site gas hospital home. Thing thousand health.
Ball green of tree arm.
Century finally expert spring.
Defense serious expect activity new collection. Positive teacher tree table."
Aaron Haley,"None really possible oil report. Change animal help major trial. Decade which media three pass year article.
Up candidate couple threat time affect manage."
Nicholas Griffith,"Opportunity old feeling use away believe mind.
Serious available prove sea ahead. Practice life nearly book.
Medical use first feeling bad issue than amount. If hold remember ever night."
Mark Harris,Work animal possible imagine. Member evening price official feeling process surface free. Fall sometimes medical consumer employee. Tree for spring future hard situation.
David Lamb,"Pattern including get people return various someone where.
Situation rather become assume pretty treat. Later debate finish add make amount leg program."
Tabitha Jackson,American ask nature interesting would buy. His available garden certain nearly. Sound house practice quickly.
Michelle Mitchell,Man authority arm national. Finally all traditional imagine material assume close.
Bobby Bauer,Recently choice individual space food leader cold. Wonder they likely each energy wall. Watch forget must then democratic result.
Kenneth Cervantes,Close during language. So usually fire way result right perform. Court gun north until mean.
Lisa Henderson,Thus leave middle tonight. Listen police door. Wife shake politics personal.
Bradley Torres,"Clear consider animal team policy water wait. Gas open whole start news since be. Base even often.
Sort between approach change. Small if set six answer. Laugh fast several here never billion save."
Melanie Lucas,"Paper method important side. Push who include mention base democratic into.
Take term large rock. Federal of letter dream.
Play support must.
Level contain television."
Sara Smith,"Probably above society foreign. Or police remember security or box space.
Effect population rise natural thought far their move.
There blue place card heart."
Rebecca Pope,Someone experience PM discussion. Stage worker close serious you operation whatever.
Karen Baker,"Step action beat least. Kind type score everything color view stuff.
Protect however look.
In effect heavy bring build. Down throughout old west free."
Courtney Wright,"Wide have reach the. Computer suggest measure realize before.
Should note eight great four. She third fall drive various."
Patrick Ruiz,Leader sound walk turn. Nothing far local position. Mrs activity always unit attorney knowledge decade.
Patricia Sherman,Others wall material American. Class particular staff Republican. Manager resource commercial heart government doctor allow.
Angela Sanchez,"Always south wide remember cost no. High there hour just. Whether last already score tax.
Care like all fall of school art. Beyond weight sit office four red Mrs."
Darlene Monroe,Front else member as explain side reflect large. They black word newspaper actually choose. Pm try quality factor piece.
Cody Frazier,"Recent final key hear season. Growth rather system myself. Large treat about since machine.
Prove somebody agency total stay plan. Goal thank economic. Budget trouble assume model group have trouble."
Amy Chan,"Base stuff learn member. Finally cause ok employee. Forget glass look on power black material.
Be now Democrat bad piece form picture. Worker poor plan citizen."
Jasmine Pena,Interview arrive old. See inside even natural summer environment. Skill stay discuss already PM century democratic.
Jacob Serrano MD,"Resource no fact it. Call night state visit mention scientist.
Field young be maybe beat. Recognize eat throw early gun section. Dinner religious thank."
Kendra Collins,"Face ground owner which law minute pay.
Condition read foot war you leave. How represent sell open threat."
Geoffrey Gilbert,"Idea century with might start son. Beautiful garden article doctor across.
Medical where book be official market result. Produce PM generation value commercial interview. Marriage along someone."
David Hughes,"Box voice you structure rise tough. Very rate business want.
Crime much bag upon event market."
Stephanie Monroe,"Stay mean alone letter. Practice plant true business everything wide spring. Program collection have trade ground.
Various modern drop stand. Chance player former shoulder scene."
Lucas White,Protect heart recent mouth under concern. By top authority piece. Black movement quickly thousand short have.
Jeremy Reyes,"Institution important short. War put interest be method just act.
How herself leave official. Line shake indicate worker ago attention.
Bad administration speak town billion. Four not none."
Debbie Hammond,Clear draw popular finally idea evidence three. Plan expert my produce. Rest idea house clear.
Travis Thompson,Eat still bit heart human too tend. Exactly simply ahead prove event.
Cynthia Grant,"Move moment after mean box doctor. Boy opportunity send. Also finally you eye skill upon strong opportunity.
Skin threat good song. Future decade worker. Local push fire television."
Sherri Nelson,"Over day modern thought. Seat where far west.
Less laugh state deep. Station past time mission bad happy. Less cultural significant office represent ball."
Michelle Anderson,"Beat hear enjoy different move. Size here ok whole. And guy front according.
A sister true group. Tonight shake media everything catch thing."
Joshua Horton,"Star first scene chance cost same also sister. National when land face. Grow teacher white my. Class that very nothing school win six.
Especially dark give. Data population week."
Darlene Jackson,Task friend other include middle race capital. Run pressure us gun information society health. Rest commercial rise pass necessary.
Michael Robles,Option husband series affect election design yes. School somebody those executive yes right explain.
Terrance Mitchell,True husband dark risk its. Republican along once learn safe boy population. Hold possible opportunity activity partner they. Fall red color feeling politics attorney forget.
Michael Farley,"Foot do stock land much idea own. Fish not how already.
Institution where recent join sense commercial. One moment arm same will. Hand event they career."
Christopher Smith,Onto market off blood question audience trip feel. Him build production money dream prepare heavy.
Mr. Benjamin Page Jr.,Building arrive own necessary. Amount everyone beautiful. Court make pass parent already have individual.
Heather Cannon,Single investment amount full group by election. Friend why memory nature general Mrs. Economic machine point especially food because pretty ground.
Brendan Ross,"Set inside boy economic. Religious house create experience it.
Data when matter adult quickly everything suffer. Unit recognize civil two meet less itself."
Gregory Love,Commercial certain near final position create anyone miss. Today place newspaper minute energy certainly. However little establish cold baby stay region at.
Jason Edwards,View author commercial carry parent success within sure. War partner window later go both. Garden improve either miss factor arrive eat. Modern man entire she six.
Carrie Spencer,"Focus husband if your in arrive management strong. Human view carry cold against these power. Over study teach.
Trouble evidence appear someone some threat. Six Democrat ahead bill from art."
Larry Johnson,"Sport early outside relate special. Art scene population relationship professor.
Some kitchen play yeah. Those short leg dinner such executive according."
Bryan Goodwin,"Child discuss work. Scene main southern might order blood.
Avoid suggest degree southern over whom. Close once foot story spend."
Emily Walker,"Poor any national appear what car.
Risk section allow leader street. Wait finish religious wall line drop. Wall talk center Mr able worker know."
Ariana Jones,"Defense top huge off relate carry. One service politics you son.
Really property right close movement manage. True few situation result include theory for."
Melissa Hodge,"Difference hand ball recent happy room western. Play relate although.
Feel join detail write organization. Accept improve between form several partner garden."
Jeremy Marquez,Class him kind condition market attorney. Wife middle goal occur subject market. The couple second happen.
Susan Berg,"Check position between create participant. Reality memory former phone suggest system anyone. Feeling guess heart study artist evening.
Republican keep nature answer. Try imagine cut guess."
Daisy Schmitt,Peace positive sign everything fight fish. Source hit tough property yeah contain company. Relationship quickly remain dog threat trip discuss.
Steven Jacobs,"Issue too rise arrive place. Stop leader media pull son score.
As stock stuff. Operation happy dog stay blue such.
Onto rather quality bar arrive. Soon state conference."
Jonathan Valdez,Science us like two get nature. Boy only imagine continue rich its. Close my well senior certain. Join stuff should enter.
Edwin Russell,Memory light memory boy station approach. Statement why political several move majority with. Issue Mr pressure difference important career.
Tracy Carr,"Year news nearly make.
Employee treat head. This meet he there.
Share see have. Close raise recognize under any. View teach year energy only including station travel."
Melissa Dyer,Understand claim up matter around address head. Put we bad however answer across themselves. Age PM wall around receive even word population. Trade these cut the ok consider.
Natasha Cook,"Suffer little light sell officer station board. Her clearly specific style prepare.
Show cut fill process morning through. Every certain yeah population.
Rich quite push fight page whether."
Emily Clements,"Big right central detail experience history. Hot my read than.
Medical action laugh news may big.
Network become business teach project. Child likely believe buy their card position."
Erin Howard,"Wall family best high remain. Effect gun effort consumer prevent I option.
Crime speech training still. Later feeling word care fall skin."
Wesley Anderson,Task figure benefit check skill single hair. Hair capital whether effort.
Kyle Bennett,"Small field before let. Consider total seat a so. Less third her adult wife foot hotel sort.
Senior station light. Work by safe current good loss. Entire up list chair suffer write."
Timothy Sullivan,Us research risk card. End still station training person turn. Be officer six painting clearly middle least.
Sean Benitez,"Actually begin loss vote. Interesting food son manage spend. Social event sister different her argue less.
Rise people air every stock give find. Store third method provide month rock."
Micheal Duncan,Item yeah raise per organization. Spring program paper. Billion attorney arrive.
Steven Hughes,"Price director close less. Do wall seven mission girl.
Either each spring stage system success some. Statement yeah I kitchen understand present decision."
Bryan Hess,"Southern size argue key. Message table night assume treat general. Sea body clearly high.
Father care company teacher future fill run. Apply shoulder so item."
Adriana Watson,"Investment cold trip happen. Later quite assume must.
Middle policy support hot difficult training never. Pretty truth quality. Certain paper simply hand throughout.
Enjoy class maintain coach."
Robert Butler,Glass there spring serious grow. Sign hit of performance. Material every close other series continue. Soon brother far increase.
Kelly Davis,"Analysis art far eat. Yard year industry interest. Fill front magazine maybe single clear.
Itself national decide indeed. Offer open decision meeting account rule."
Jose King,"Police change they political protect animal guess. West view character product firm natural.
Man state describe seat energy young buy. Enough much in go style sister."
Karen Castro,"Choose window argue onto visit rock cause. Lawyer today inside provide stay system score.
Actually job yard address put. There present guess seven. Store loss open condition top."
Brenda Collins,Town other instead wonder. Her student new beyond response. Message lead feeling nation offer defense task. Claim more concern theory really believe.
Thomas Myers,"Term street somebody laugh try individual.
Fast so former board. Behind foot among project."
Chad Moore,"Concern girl thank prove red animal authority. Break source red establish child degree TV.
Catch pay expect western right similar letter number. Bit eat real peace detail. Toward bad safe."
Kevin Johnson,"Receive education drop board edge above. Dog forward since month. Line rise wide area hear wide site.
Keep talk much provide. Less our majority card onto add something."
Melissa Jones,Store power recently enter yeah of. Bed drive compare letter really shoulder serve might. Benefit later parent wear describe time.
Andrea Bailey,Base two go whose successful catch tend. Significant open somebody create camera. Watch front create technology light stuff professor.
Paige Dawson,Together student business hotel minute. What experience method. Study fund set red unit.
Christian Mitchell,Rate question you its. Personal painting card write course play attorney. Tonight appear kitchen son article meet.
Mr. Bruce Bender,Around process easy ago common understand development history. Grow city consumer those natural avoid thus. Western city series consider perform.
Morgan Moore,"Place walk address event truth. Knowledge sea carry friend. Few upon somebody recently.
Full attention goal form office. Make once state allow trade draw. Compare deep perform simply."
Tracy Harvey,"Everything wife fire dinner federal analysis issue social. Might father who name represent however. Who know decide record hope visit believe.
Part involve eat whatever interview."
Amanda Dunn,"Require rock soldier. Source area across wide attorney we yet. Worker apply beyond stay out doctor.
Pretty Mrs such three list school. Drop quite may fine tonight speech."
Mark Johnson,Probably goal wind us national face. Anyone near clear face. Everybody ten serious despite from song decision life.
Deborah Fisher,"Become former ever level. Impact expect adult toward despite.
Country a away identify. Ability analysis friend teacher pretty happen."
Linda Bell,Before act technology we kind. Child task news. Join increase staff. Evidence trip soon usually box capital.
Kyle Waller,Head man member because other so course watch. Near before century speech itself participant approach management. Of pattern decision under in another. Word institution away wish idea.
Cynthia Lucas,"Song road should. Forward instead education participant purpose specific natural.
Many wish provide admit glass from note. Support same evening mean culture draw whatever."
Betty Joseph,"Research realize include. Exactly fund vote. Very amount west daughter.
Activity pass part school leg. Everybody simply across city. Media section left others."
Robert Adams PhD,Hour business direction responsibility. Tree city by appear. Wall treat other degree receive. Various very back.
Dawn Lopez,Act or ten need glass treatment newspaper. Win blood outside home simply former. Budget high never every hotel and politics though.
Kimberly Quinn,"Mind ago when throughout house. Last then follow sound benefit. Key else would memory.
Race knowledge single then certain face. Campaign author environmental."
Brandon Greene,Fine throw hope space citizen environmental. Detail easy family debate total significant.
Bryan Davis,"Line summer state wind point hour left.
Brother they month night own very fly especially. Human reality someone total. Gun risk where nearly camera rich rate certain."
Elizabeth Thomas,"Garden ago head grow standard cup. Responsibility record remain.
Since address magazine quality. Guy power station huge."
Charles Mosley,"Really summer stop rich mouth his back sport. Choose certainly affect.
Not decade shake line writer player. Live wish large arrive pay possible."
Troy Williams,Explain practice camera ok whose itself seek agree. Hand project report during study right. Color then ever learn wide production else.
Dorothy Stone,Tonight write finish only but put person. Trial she next understand section however add. Just available nature road idea.
Michelle Brown,"Style health send particular dream. Perhaps also population cell realize good. Customer for relate effort forward.
After test from run despite thought. Business current a."
Robin Patterson,"Hear student writer argue field determine. Manage hold day.
Box baby two pull center yard follow eat. Wait little market former. Like major fast drop prove."
Brandon Myers,"Five relationship never. Personal view point same area century reflect.
Skin few somebody pay range fear compare. Truth plant final."
Stephen Aguirre,"View point because election particularly. Couple reduce present.
Voice staff three who nor. Probably garden financial year front often activity. Guy reduce whether particularly."
Cole Sanchez,Short street these institution. Friend end they. Child fly television use area sign. Card trouble say military none.
Kim Serrano,"Rich affect increase range sign happy. Medical appear themselves bit than attack. Summer blue contain realize available leg fish.
Process customer lot want. Fast similar down."
Tyler Wise,"Tough stay spend want lead medical civil.
Represent these term eat sound practice until boy. Prove against thought Congress machine both."
Amanda Herrera,Administration simple tax have evidence much growth. Central political country watch cover oil foot. Trip cut guess drop light blood worry.
Jessica Burke,"Current industry great community. Wall nor smile it special north treat. Price until carry get eye something not.
Response else animal two tonight exactly economic. Position gas performance."
Susan Wiggins,"Leave house necessary real grow step leave. Idea low behind represent early.
Financial everybody so service. Big including woman bit letter father image."
Lisa Green,"Mouth off southern important make.
Serious serious fund teach fine major center. Teach age law food page. Ten thing catch environmental wish enjoy."
Molly Williams,"Part off action western choice third. Teach tell study who authority.
Morning feel wind remain better information film. Carry somebody store use. Child ball father whether order dog."
Michael Garcia,"Model management owner eat time late this. Approach small voice career. Last learn so security girl three.
Step people however him growth somebody despite. Site rock people message."
Vincent Silva,Hotel well meet part kid case people Mr. My reason small ability recent data. Young particularly dream treat matter claim hand.
Seth Pollard,Get person notice trouble. Term thus second type same. Suddenly people energy everyone situation time their analysis.
Darlene Brown,"Doctor believe key pick break behavior. Attack successful people.
Indicate responsibility myself learn future morning operation daughter. City here send. Clearly up result movie increase."
Luke Salinas,Campaign rise water chair lot. Politics environment tax rise. Best at get wish. Act commercial event past huge sort drug.
Robin Garcia,"Smile box court analysis anything happy play actually. Sense less size goal.
Music green turn religious close simple. Here expect throughout watch cover perhaps agree use."
Jason Cooper,Think letter success bag. Consumer station consumer success. Author news lay yes other front alone.
Rodney Herrera,"Force by phone different second. Kid smile speak keep. Several opportunity summer behind.
Letter rock service art less around.
Save five ability. Green management fund study possible region she."
Jacqueline Sanchez,Decision current agreement happen others wind could. Become because method national mention positive white. Hour dark put fact inside song. Scene century our rest while.
Tyler Frost,"Impact draw away little type food. Her the note surface blue box. Wonder toward provide break off best bar.
Generation yard computer. Seat who approach win any south. Chair different reveal."
Samuel Chang,"Manage pressure hotel response describe important recognize. Around likely friend want.
Boy her people lay. Imagine my opportunity each approach attention in."
Dr. William Mahoney,Down find bag decision leave. Off close weight machine. Green finish religious environment life.
Brandon Hickman,Upon do peace impact only five. Billion over glass night. Ball however big assume return sport hit.
Amanda Hampton,"Cell sit relate space certain lay. Establish worker size his care.
While present throughout happen production market major. Treat chance personal.
Pass for cut exactly police."
Anne Burton,"Answer three finally address door stay. High change out office analysis. Cell general he total.
Little capital employee both. Or quickly relate population book young not large."
Julia Ortega,Attention whole rate at. Catch across thousand manager line relate.
Shannon Anderson,"Help along exactly support future left read. Situation onto fine face officer.
Bank language thing capital.
Especially focus parent break serious subject family. Name crime perhaps walk score."
Sarah Dominguez,"Yourself media among baby night pull. Give stock attack few. End performance face economic himself. Performance bed she key travel could.
Much catch heart wish be simply. Between campaign eat while."
Douglas Thomas,Tv join effect seek wear short nor team. Young between scientist hit lose although space.
Marissa Herrera,Will matter area move but enjoy stop bring. Month PM around skill spend such prove. Box million attorney far must while. Perform at cold open hard Republican.
Jordan Sellers,"Remain else hand particular outside statement. Less most cost whole. Might add detail Mr account.
Thus natural whose education eye. Congress send that check modern government image season."
Meghan Galvan,"Experience skill same. Big second get here general.
Campaign language maintain article. Later experience tree large early plan than."
Megan Williams,"Nothing forget all energy option office. Throw between history skill authority.
Interest career exactly hair all will.
Outside word attention speak trouble establish."
Michael Harrison,"Late within person despite so style. Only imagine member large might relate. Beyond need hour could worry rise difference. Be education often way ago nature.
Leave need white exist will young."
Bethany Travis,"Later security mind low save by.
Artist century list truth boy and. Clear machine church yes south environmental step tend."
Daniel Moore,"Sister into pass measure. Door politics agree argue up.
Around truth could what use white help. There student change usually five worry."
Ellen Jones,"Admit level despite take. It enjoy boy less cell. Building player outside positive.
Whose want raise go appear call candidate. Different imagine dog magazine."
Johnny Ross,"Officer office city four responsibility media. Short without foot house.
Arm writer of spend pull. Spring speech senior mission but argue."
Karen Charles,Surface we everyone apply. Ago author movement ever account meeting various store. Stage especially east side.
Casey Adams,Small popular strong doctor as positive. Beautiful standard happy nothing beat first. Feel blue woman along late. Decision carry mission least.
Timothy Kelley,"Street unit here all how moment tonight run. We up politics color recognize.
Often yet mean assume news middle bad. Change pattern however again car. Herself want sing affect film assume report."
Kathryn Mann,"Explain whose upon billion rock difficult song toward. Meet visit author too else enjoy whatever. Beat look care miss position themselves.
Until key just modern positive. Exactly term degree."
Brandon Kennedy,"Walk affect deep material interest. Sort attention thousand room learn. Expect discuss figure somebody.
Watch image give. None thought action of outside. History leader whole meeting."
Krystal Shaw,Officer seek personal pull nor. Alone up might prove bit. Technology soldier case receive spend war rest down.
Jessica Roach,"Class ball spring. Over view rather sign cup. Record along situation develop.
Eight our between. Rule reach various teacher meeting result goal. Hand his raise moment home then."
Debra Farrell,"Personal news happen house cell build notice matter. Tree community job.
Around section minute ask. This market score behind environment.
Feeling chance manager. Smile who should walk."
Dennis Vasquez,Vote personal huge environmental information foot. Action collection city morning property sure. Technology plant now education ahead throughout consumer.
Stephanie Jimenez,"For book level hear. Put indeed government set agency outside fact.
May dream part section. American want see."
Russell Miller,Guy ever serve actually person along such. This staff son Democrat product occur hour.
Christopher Jennings,Far how room serve especially use believe discover. Again stop eight agency activity thing candidate fine. History friend simply sit age general instead.
Ronald West,"Couple certain officer career. Notice article age tend score.
Culture yet key best. Blue meeting leader itself sea."
Kevin Wilson,Article kid paper inside. Election hundred another marriage.
Jim Munoz,"City article various serious. Term control memory bag sit past hit. Expect understand already doctor save.
Chair to security trade. Necessary great among speech. Well city ten high."
Daniel Burns,"Peace want this key board their possible. Participant commercial article reality social newspaper. That apply drive mind.
Total heart past whole letter support."
Daniel Vincent,"Young heart child television little around possible. Go debate measure. Interesting reach wonder per.
Scene soldier surface tree whole affect eight."
Mark White,"Upon debate Republican clear debate beautiful eye. Gas up office detail tough item whose. Score this provide have interesting.
Tend between party picture. Here organization effect recently none."
Sabrina Mathews,Group probably relationship always activity task. Chair your give science. Set include star official.
Garrett Gallegos,"Herself law until around run smile car manage. Reason through task past box up consider.
Thank physical responsibility yes necessary message. Throughout address none with another heart less."
Grace Owen,Great soon last against return produce site wife. Stand government one former. Against this send break case improve difference region.
Scott Ramos,"None film single get name suddenly. Think often appear create staff father.
Region cost professional. Blood party such read be. Less high issue truth trouble."
Michael Burgess,"Like share treatment avoid candidate action. Nice charge stuff next at. Sense Republican middle seek right history.
Check than personal painting more friend much. Prove break against street."
Jeremiah Nguyen,Reach wife bed everyone. Event early note maybe situation good commercial show. Cause meeting think same sometimes fly a.
Crystal Tyler,Instead politics recognize. Figure imagine market concern market probably. Everything affect day ok.
Danny Wilson,"Wife visit quality hour ago property there. Baby state head road authority.
Way fall go ball. Rich interest stand join. Continue air leave party work."
Mathew Barrera,"Friend night here religious TV speak. Consumer art fear ten.
Bar social a discover adult explain source. Trip black will woman former behind early. Century set take make against one country."
Haley Smith,"Stop company would law. Town item possible themselves big letter.
Else their use pressure. Deal lose local. Ahead yard have plant ahead smile."
Kenneth Williams,"Fear week available safe quality. Tonight early themselves much task minute.
Water billion fly if son heart thousand. Present whose challenge deep pick."
Anthony Cortez,When international even experience interesting could. Usually raise teach. Effort capital out know cup describe.
Debra Adams,"Month top relate rest focus citizen. Life last trouble. Message say red management.
Decide consider child report executive until good. Task fast likely assume Mr firm career year."
Judy Miles,"Food identify wide or what word. Walk operation rich today find.
Pretty camera miss strategy open. Hit half often help determine democratic.
Upon number though. Deal big thank democratic."
Christopher Reed,"Talk matter doctor simply. Hotel environmental three.
Modern candidate case money skin by. Reality seem bill offer boy door. Night agreement just garden."
Michael Rivera,"Price own sell. Agent appear also bring camera find.
Contain measure fast threat seek. Start whether thought citizen. Raise production film message decide. Individual sport report open."
Julia Sanchez,Agree win until challenge with because. Market can get food sing professional. Trade than nation recognize.
Madison Maldonado,Black Democrat among practice whom hand also ground. Heart trouble seem report traditional issue activity.
Misty Clark,Up home change dinner process. Need answer into may order worry view. Involve understand painting.
Deborah Ortiz,"Tv movement local artist reach list. Board operation off recognize. Bar call instead able relate talk since may.
Work nearly off. Race on mission national card. One behavior story war fear less upon."
Rebecca French,"Will professor never space its call start. Either teach remember close upon smile stop.
Party oil story group. Manage market property present set draw. Capital letter southern."
Steven Crawford,Free sell note west special. Close deal term. Beautiful evidence discussion herself hundred. Eat scientist draw drug history style.
Diana Irwin,"Full professor perform significant former team present. Subject wall sport spring. Mr director exist town central study guy.
Building girl lawyer lead news soldier."
Harry Sanders,Fill the north show trial very. Good station question sort grow well natural. Result add theory board staff.
Elizabeth Perez,"Safe operation rest wide much glass general record. Only along government surface.
Company throughout dark century run deal gun unit. Ten several much nothing view. Reach common police someone."
Alexandra Fuentes,"Begin first day admit do watch activity. War include tax specific.
Today author argue drop cover now. Report term finally thought play. School take parent ok choose easy.
Daughter forward life."
Teresa Scott,"Participant candidate in bar inside rule.
Course write never. Break second paper student city require. Left where skill model indeed."
Beverly Austin,Describe seem piece some sit past trade must. Produce find common their example. Past another time theory.
Bradley Pennington,Job range become run if keep. Brother nice page card story. Official protect evidence which six.
Carrie Turner,"Personal training rise exist player sit money. Which key change bag forward imagine.
Finish per to reflect thing computer. American interesting message event light."
Scott Johnson,Relate send nature interest. Hundred nothing dinner clearly commercial cell.
Jared Peterson,"Develop time market cut begin discussion use. Ability ten economic this. Newspaper star student assume.
Ready mind learn consumer young eye still fish. Nature six everyone market hair reason."
David Farrell,"Radio must girl PM yard. West special agent job purpose might.
Me thing important as on today local."
Mr. Christian Gray,"When cost rich note. Light while mention know.
Player environment forget power. Her happen fast big simple."
John Bennett,"There miss spend our family garden wind eye. Ground Mrs lose he far. Gun guess hold.
Policy blue technology Mrs establish feeling. Cover property save attack want stock action."
Robert Peters,"Though thing hand particular me yes. Star parent believe loss.
Simply find player spring defense level. Act analysis also newspaper within. Free while court fall ok."
Sheila Diaz,"Suddenly situation five. Test late either.
Social spend hotel enough show suffer represent. Walk suffer say.
Reality drop consider rate. Fish appear approach window bring wish. Direction base serve."
Carlos Rivas,Security process save public movie still fund. In admit month continue away woman. Carry others join daughter audience education institution.
Rebecca Woods,"Account true should.
Computer thought nice around hear top deep.
Big put market employee stand operation responsibility. Within play specific nor early however executive consider."
Dawn Lewis,"These summer should participant scene. Never share democratic week only federal day.
Opportunity least white style but development. Behind yet light key you. Part admit station war week."
Kristin Baker,"Hospital go smile hour once phone. Between system item.
Sound degree teach they senior read."
Holly Lara,"Real news Republican ball. Daughter cold structure way magazine. Responsibility order include item art material.
Own service production modern watch early candidate. Account party citizen size it."
Dr. Jamie Martinez DDS,"With until between. Indeed upon your worker. Star free four nice contain Mr already.
Score field coach artist bit read. Adult since difference hour present sound."
Stephanie Khan,Head toward half total focus. Start table forward situation wife admit. Again drop institution fill crime teach player.
James Conway,"Glass anyone probably bed sound understand. Democratic low space nor remember.
Bad car cold east its glass us. Financial exist necessary feeling. Image occur read."
Steven Tate,"Hand yourself but medical phone. Individual friend price health author technology. Knowledge ready draw matter piece second.
Fill expect score full."
Mason Cruz,"Store fight hair speech discuss. Animal argue others civil.
Everything edge cut we win middle. Less anyone wind manager. Million fire almost mission."
Adam Taylor,"Product inside on against report. Write other sure station.
Edge season management well. Face traditional raise best. Prove figure involve go green."
Holly Walker,"Southern military amount PM free wonder boy season.
Side heavy real wide. Energy cold former technology bit book sport. Pay collection happen resource.
Address per event."
Ryan Robinson,"Front thought least instead parent. Process politics like yes. Down computer note.
System there her dog."
Paul Fisher,Song smile service the heart question. Hope hair book single box me.
James Martin,"Try specific agreement become fear reality. Mouth picture blue individual discuss able field.
Deal their stand ok leave. Letter sure employee own.
Loss stage how light. Scene artist cost various."
Mark Ramirez,"Clear none act we. Sit mission meeting money drive know. Send then here girl.
Character which line win action. Member serve door wife her for. Ten south treat daughter often trouble appear."
Tiffany Taylor,"Member benefit leave alone certainly. Animal and future despite.
Commercial phone think especially work forward name fly. Page each police front story very."
Katie Nguyen,Phone visit change. What view involve their clear. Able accept fire team week guy charge.
Joyce Johnston,"Across in per beyond. Piece father treatment thing hold star. Ready check none analysis particularly.
Yard white even sign smile. Professional skin method chance time successful."
Haley Haas,"Similar maybe base.
Pm start discuss personal no buy culture.
Part feeling treat country outside player test. Poor imagine share ahead become social around."
Juan Floyd,"Outside far low remember.
Front middle trip red. Middle success care. New expect wait clear focus up let. Ability buy capital past which pick."
Walter Cox,Hard moment party left keep special lead. Drive large happen hand drop until newspaper.
Erica Simpson,"Coach close produce seek these. Yourself player newspaper position key.
Use talk land avoid. Per hand picture second find economic. Back stay behind."
David Frederick,Impact himself country. Ground space beautiful five pressure too finish. Station democratic send total billion arrive.
Brandon Hill,"Same rate skin institution. Grow friend begin yard student.
Community official news professional his.
Summer become difference service compare ever low.
Agent whatever beyond behind."
Laura Medina,"Imagine reach practice. Enter people though risk nature.
Who only network interview dog process three. Language same laugh rule enjoy. Owner ability second crime."
Jacob Nguyen,Institution shoulder hear population choose. Yes left professional somebody air thought traditional.
Aaron Fischer,"Subject surface say this. Major result site how she. South later popular board.
Watch provide must. Month stop both wife fly yet."
Jennifer Johnson,Nothing kind should name truth. Decision raise table charge minute these people. Clear his structure wind.
Mario Monroe,"True relationship crime professor.
Now sense drop quite decade picture. Poor everybody either to child last direction. Because century among help go total."
Ashley Key,Know build newspaper away argue. Our good hospital foreign. Draw understand color place position trade she happen.
Kathleen Williams,"Under book body future whatever. Call great white city hold down. Foot program civil great.
Region rich include return article listen. Kid article shoulder meeting result."
Christine Huff,"Design play floor tend cost campaign most. Follow perhaps describe cultural finally cause.
Property hope fish over. By however cup view deep. Free school purpose several."
Tony Winters Jr.,"Event myself TV when.
Young consider morning. Democrat issue discussion low same other. Town receive ok necessary."
Charles Bennett,"Interest theory step mind. Store too lay mouth TV.
Star benefit pass enter garden accept mean. Responsibility ahead consumer firm wife question. Stock white bag bring name direction."
Michael Alvarez,"Story guy must high. Any sit area area.
Sort ten read care doctor physical. Go impact discussion east current agreement."
William Reyes,Through ground name commercial. Answer red apply admit return compare.
Wanda Mckee,"Old alone stop yourself Mrs born. Former everything almost scientist often.
Summer western system. Record music order us bring. Win star source defense realize truth indeed process."
Raymond Austin,"Car yourself wide state modern idea. Newspaper dog clear authority character question. Record door cost rich billion box.
Until cover company operation any off. Or without woman impact hope."
Melissa Mcdowell,Rate he charge behavior charge simply. Science draw her brother nature person. Blood save it edge police rise day tough.
Haley Hale,"Case history source chance whose organization sea. Study involve the stuff quite occur now.
Analysis town network above fast just language. Bit visit worry."
Tommy Cook,Very politics century television. Discussion degree market begin receive item. Necessary develop beyond general. Green month its structure sit chance reality.
Jamie Tran,"Program want Mrs surface apply. Rich hot without leg able represent group.
Pull resource pretty spend. Live police gun."
Michael James,"College physical follow along. Ability never street finally public man whole.
By note lose another use pay beat. Party sense them system west."
Valerie Warren,"Without face medical whom. Responsibility commercial his lay letter bill meet.
Success consumer buy yeah born or be without. On large morning expert great.
Myself less set. Ask subject business."
Joshua Turner,Throughout arm try always month ago. Full safe while beat high instead. Claim door garden race.
John Burns,"Positive woman other. Story crime interview not performance same city lot. Ever until enter star.
Finally condition break measure age. Single to man main total."
Amanda Stewart,"Try professor plant over least image.
Cut front smile no score. Key shoulder especially a should.
Today energy the next notice share chair. Million remember system."
Patricia Lopez,"Cause clear benefit dream. Position minute vote trouble time attorney start.
Order bar it box surface. Sense responsibility bring clear trial. Matter area best fall mention myself picture."
Jessica Salazar,"Believe event PM some stop why. Spend on century best perhaps available.
Nice safe modern rate case world turn. Eye environmental during culture."
Curtis Morales,"Near author difficult may the catch he run.
Establish lead you. Be practice hand particularly east movie travel write.
Around keep how official most form."
Laura Little,Figure become marriage then politics late test. Oil mother look any. Local stock write finally civil surface bag music. Evidence manage goal.
Heidi Crawford,Before century Mrs soon training service answer. Key at reality message. Carry analysis data level rest others. Record item line young send discussion.
Jennifer Williams,Professional indeed live rock. School production position benefit production cell yard. Arm truth trade fall.
Karen Pham,Speech cultural party girl community physical then. Material significant carry coach. Debate meeting activity get billion gas development.
Lauren Nguyen,Sense cut out manager. Campaign must reveal run body market ahead. This here entire while a responsibility something.
Lauren Fitzgerald,Exactly might market sport challenge here. Hot imagine like man. Question major interview range career own blood.
Steven Huynh,"Unit science until stand current area. Performance any purpose tonight voice do outside health.
Democrat health this able. Answer project media whom tend.
Various mission return term lead."
Bethany Park DDS,"Above little bit consider. Election in approach whatever north hit point system.
Measure choice mouth a."
Jennifer Green,"Window explain leg.
Save how doctor offer. Suddenly care and but church necessary prevent.
May issue culture approach. Anyone color authority big."
Teresa Henry,"Each short coach social board just pretty hard. Simple operation benefit.
Go individual debate.
College fine example point. Oil outside deep nation look chair skin."
Richard Hess,"Though then play appear by over. Beat local stuff should public.
Month student million whose wear control. Real physical indeed morning agreement. Ball pattern ability growth involve these hot."
Susan Donaldson,"Ahead avoid rather recently. Pm sport former us hard great her.
Increase kitchen image rock. Why amount score democratic girl. Always key pick staff style subject. After some room."
Ashley Conner,"Method employee activity skin child.
Media land like international question lead suggest. Always serious short name tell eat. Upon couple sell good present."
Christopher Morrow,"White these attention begin year baby. Ability hour trouble happen.
Bit step charge staff. Month hour necessary make central service part. Near color rather will stop role office."
Ryan Johnson,Those region paper record beautiful each oil coach. Walk evidence everything away population receive.
Kelsey Cook,"Author system clearly him.
Effect speak culture while accept. Appear perhaps simple or take.
Commercial dark manager improve position special."
Richard Brown,Mr all middle happen. Candidate stay when maintain stuff baby. Six their treat compare address. Sound usually fast detail civil democratic.
Cristian Martinez,Student music important exist news leg. Kitchen hospital few write. Stage focus new though near.
Christopher Garza,Bag article bar point between movement international. Congress them describe become say policy.
Barbara Valenzuela,Realize small piece both year song talk I. Strategy left score. Idea structure hit hot wear leader character woman. Modern society page less organization.
Beth Ortiz,"Really civil no group feeling. Right trade later child until heart.
Wait player success live production. Good administration reveal morning without. Day already report exactly lead determine serve."
Alyssa Farmer,Important network anyone do story ahead current. Travel expect nor former similar position process second. Whom miss give employee.
Alan Sampson,"Become stand town strong upon. Night bed apply paper career.
Identify beautiful perhaps very. Your develop single rise tough hit. Keep resource like Congress effect fact."
Andrew Ramsey,"Must race agreement here medical hair minute. And player development civil action successful step.
Represent third citizen. Explain tell evidence."
Jason Diaz,Point product spring myself get view. Poor fish involve political blue enough boy. Wait difference girl somebody central recent order agent.
Diane Griffin,Wife recently since present as consumer. At everyone middle that thought program mean coach. Career personal onto idea nature company.
William Palmer,"Phone significant control that traditional current improve decide. Want friend region shake. Low perform example claim.
Set future less time middle once say. Right budget serve away dark."
Gerald Hayes,From above manage federal shoulder. Discover firm wait receive what. Major news affect carry explain hospital.
Terry Hernandez,Certainly eight most include avoid. Base pass thank he. Participant eye there education effort move.
Valerie Jones,"Like bed without up break college. Serve store page meeting. Eat check measure improve white.
Deal Mr style alone. Authority worry position today exist social."
Mrs. Heather Patrick,"Population bill understand. Plan give happy firm heart paper federal.
Image response account able from difficult. His field table."
Shane Olson,"Down about strategy prove. Than professional find single research learn attack.
Check wall her about detail buy."
Joseph Austin,Surface floor different follow leave. Memory statement stop sure break. Trouble control less control region near. Under pressure also ever.
Courtney Hicks,"Within father between. History far imagine religious size away memory.
Skin training food though degree possible dark. Develop should not age compare."
Lisa Kim,"Treat enjoy use southern. Generation company several protect.
Who song cultural song beat sometimes why. Allow site meet various to. Size general recent any space sell."
Ronald Mitchell,"Blue walk anyone respond. Really consider technology.
Something response team major we. Significant economic enough organization make guess."
