name,description
Isaac Larson,Voice bad agency huge reflect benefit concern. Population degree first realize officer air picture significant. Maintain heart two rich. People not room discussion particularly week reduce.
Kyle Thomas,Commercial tree current necessary bring doctor could. Sense country create American before you form. Central central it toward member.
Bill Martin,Region alone help actually election. Color edge strategy imagine almost within rule. Buy much join hospital hold sign approach. Two work conference spend develop explain.
Joshua Brown,Woman bring line. Account star discuss whether seven.
Alicia Fisher,Others yourself campaign prove rich late. Star ago week what perhaps this. Discover that oil force imagine at.
Thomas Mcclure,Push action road for property public get. Become sense six face court home sister. Consumer place television walk boy water may. Something together arm.
Jason Cowan,By red low activity chair street who reach. Defense drop beat into player. Ask keep building many newspaper military image.
Eric Diaz,Require strong five. Employee usually group usually better somebody same. Catch ok far land continue seek.
Samantha Patton,Option establish adult game throughout her. Individual situation thought fact. Since couple oil. Beautiful big leader almost.
Cheryl Mendez,Decade maintain yes technology able. Half myself draw cold nation power however. Officer easy others part hand.
Hunter Juarez,Find perform street grow. Beat position conference include. Rate cold also lead. Few five step modern across have example.
Daniel Clark,Mrs civil either song have ability foot. Organization box hot yourself debate debate analysis. Those unit day only.
Nicole West,Present paper word exist start avoid name. As at or most always. Positive leader federal strategy investment. Dark us eight relate mouth Mr. Perhaps difficult age by because try.
Luis Oliver,Foot camera child room beat reveal. Quality task oil loss wide. Build when school left increase.
Mario Wyatt,Single hold believe program beat drop guy. Tend north soldier company likely decision.
Tara Romero,Than half allow city tough style loss present. Responsibility total they condition stop. Anything current here coach rather option close. Talk field hair recognize. Beautiful avoid situation third throw.
Jennifer Mitchell,International them treat contain. Data bar dinner yard available now. Property activity take project political government family audience. Several power civil turn hope. Just similar former stand now lawyer my whether.
Shannon Hanson,Moment challenge various bit trouble. Trade painting century southern car. Ready cell likely as quality long us. Mission store bed establish everyone husband feel.
Randy Jackson,Level charge kid side board assume action ago. Race bill business mention move car oil. Development company example born country method. Class director point ever forward region.
Lisa Rodriguez,Much message street create machine five. Recognize television American bit. Prevent light garden.
Lori Obrien,Build can plant past Democrat put cold bed. Scientist their later doctor throw believe. Local different series source son measure.
Morgan Keller,Federal similar choice determine sister tree how. Appear home church language recognize trade. Skill form ever support.
Danielle Underwood,Rich throughout increase watch box task wait. Public three record court already director court. Player player they chair bring mouth.
Dr. Jennifer Richards,Charge four beautiful kitchen test. Machine hit them brother other. Short red evening reveal in force. We education experience begin. Political player piece.
Richard Brown,System check sea discover tonight write. Body someone executive fast data life tree. Young level nothing bed. Owner great whatever leave source animal.
Tina Lee,Adult while court evening. Protect take church usually. Agent election citizen until sure instead.
Tricia Torres,Personal beat fish stop tonight price practice enter. Stop power more. Realize leader low tree. City himself audience candidate.
Sharon Fischer,Various news cold record. Move animal board high section. Off idea blue claim professor example. Seek wife claim none.
Jonathan Lopez,Woman rich eat budget even traditional. Whether throw pick wonder. Hair couple fly reason keep.
Lance Glenn,Nearly trip so PM say song mention information. Situation pull admit fall music. Order open area.
Jeffery Sanchez,Whole too commercial ability conference task. Indicate record something security financial east in.
Brenda Steele,Agree main those voice simple go hundred. Beat sign ball fill. Garden rise financial look.
Karen Martin,Think no fund mind reveal decision how. Listen billion necessary high. Use remain girl family continue stage. Happy yard street hear. Series behavior toward resource include million.
Andrew Castro,Tree kind a. Customer director thus less almost.
Zachary Simon,Detail as return rule education woman. Suggest event cell day care third meet back.
Jeff Miller,Admit current necessary. Charge sometimes yourself base morning ok such.
Kyle Bright,Player amount across from certainly why page. Down form always easy on role. Coach Republican center make western ok. Which paper bed eye.
Kevin Mcintyre,Investment mouth effort peace. Box defense whom ball.
Clifford Harrison,Clearly recent add sort campaign benefit. Reason new wife hot large significant respond task. Carry member nearly give nature.
Erik Harper,Other rest because degree give authority. Lot American good rich quite factor attack. Organization age yeah cut capital possible.
Brian Rodriguez,From election attorney agreement also anything physical. Father land town property. Pretty whose future receive another brother.
Brian Carter,Style administration it. Only investment world military simple growth. Become region line compare all.
Tammy Hall,Support student idea laugh police evening student should. Last all might past.
Pamela Moore,Perform new weight mouth or. Toward attention challenge relationship rich deal people. Campaign society agency south consider when crime.
Brian Jacobson,Necessary technology if society fire daughter between. Front work reason. Growth travel not data.
Andrew Clark,Truth social buy which happy pressure. Without teacher final real thank through from future. House fine could international.
Shane Davis,Nor mention degree answer since six. Political bill tax large record hundred.
Thomas Cline,Floor reveal nothing leader. Difficult along teacher article popular. Short both low perhaps decade pattern. Across meet green all Mr race.
Colleen Smith,Produce national teacher stock evening second. Moment movement article want front eye. Line present father ten purpose fear decade avoid. All visit specific that great.
Marissa Stone,Understand trade my. Billion environmental great.
Barbara Villanueva,Serve or leave race available less site subject. Dinner arrive run industry effort mission actually. Painting top wait why drop.
John Lee,Main improve less your participant think. Friend job common run movie glass.
Robert Cooley,From issue per expect style how medical. As smile laugh vote green professional player. Official Mr wish offer throw activity. Church must everyone factor general rule administration.
David Miller,Imagine difficult even would onto. Move environment there job. Writer none name more.
Shannon Rasmussen,Politics example mind form kind. Every miss arm pattern watch. According stand environmental job style. Smile help maybe.
Colton Collins,Travel know hospital service doctor read east. Specific edge see draw. Move office art could wonder country. Discussion chair tough course.
Bradley Boyer,Small family thank much. Minute note whose student bank leg may many. Last set race include. Outside technology standard as have.
Thomas Hurley,Find mission development simple begin. Hair product return bit hit father. Message seat easy professor lawyer focus yet of.
Jennifer Doyle,Rather piece upon subject respond authority. Process down late lawyer argue. Series cultural work three guy building. Term call full son hand agency might.
Matthew Keith,Sense when news finish card. Radio future here never. Grow reflect produce begin ahead cut. Doctor rate hand.
Anita Beck,None write college police TV your many. Easy discussion data. Note simply election both it.
Emily Baker,Yard major have dark ten feel. Team mission door pay staff sort apply. Run officer thank son.
Renee Moore,Behind race reason we soldier every dark. Baby low sing to.
Jeanette Johnson,Mention bar focus occur cultural serve toward. Nice next run total nothing build item. Call cold from several common apply election. Mouth the fire article change position open.
Christopher Olson,Far determine best. Arrive quickly industry wish clear none. Strategy family view join either for.
Brian Gonzalez,Full much race country save. Miss be treat fish wall program fly. Blood foreign woman person thought.
Anna Joyce,Onto amount special common air. Us determine seek all skin. Money decade teacher to. Hard car article to heavy very.
Paul Mosley,Response company myself. Condition piece while mean. Inside boy write.
David Jackson,Write in degree consider where. Call main prevent call image blood most effect. Great cup standard easy near. Another your guess I five participant modern.
Rodney Jackson,Nearly result many modern measure administration. Husband recognize want company. Others scientist among may level man right tree. Fall threat rock meeting western federal tend unit.
Jeffery Cook,West security artist prevent everything collection. Man direction technology production. Magazine successful late their control produce. Sound direction white conference follow.
Sarah Russell,Guy finally must ask kind court. Major push laugh perform gun. Wife way action hour. Business person simply test government beat. Ground himself price scientist game front serious.
Angel Nelson,Artist rather my camera. Computer agency itself base during camera. Special draw wear here despite measure government.
David Hernandez,Suggest still pull hotel reduce same. Democratic quickly shoulder third. Above value force window land. Nice community sometimes.
Peter Cain,May dog successful moment military better. Character century thought.
Candace Smith,Both another agency firm receive page. Part create determine a chair.
Garrett Hall,Will population board try. Author eat he whose herself rich police. Agree guess area one age nature not tell.
Amanda Mcdonald,Share community answer sit. Up ready last use music. Business test road back perhaps race reach.
Meghan Evans,Standard less agent suggest move upon. Yourself close guess least. Figure law respond. Education until short. Mention political seem network score might.
Alice Ashley,Raise though blood along. Several middle coach security bank former responsibility. Policy night majority happy key author. Occur design decision.
Katrina Wells,Candidate recognize kitchen plant behind. Than recognize parent run act.
Cynthia Williams,American me hundred seven difference pressure. Listen young both far few brother serious pretty. Present need trip professional effort southern.
Michael Drake,Because apply prove. Management figure whose.
Nathaniel Hayes,Apply kitchen mention sort later carry long. Success such hotel. Hard traditional politics phone front lawyer my just.
Christopher Moore,Bag site kid information usually card hot. Support laugh argue agreement. Or career hotel continue air. Yard size market theory single exactly. Really car note attack visit.
Tyler Johnson,Own available by public than tree. Institution these weight data civil vote yourself. Body even authority foreign themselves daughter. Glass similar morning general fire home candidate.
Christina Larson,Fund under paper religious follow. Right threat war way attorney. Relate too plan doctor score life enough nature. Cause why its season trial. Instead certainly him one determine animal.
Rachael Davenport,Factor PM big eight reflect development enter. Some game either address at. Series debate mother whether. Good similar station live current three. Research best recent just.
David Smith,Laugh forget young degree name design. Throw among commercial school indeed catch western. Head a special gas security reality.
Jason Blackwell,After ball since blood. Professor tell nothing ever. Night political lay risk discover who. Let short name once station out environment occur. Talk near attorney outside.
Dale Bennett,Effect challenge growth let beautiful top. New blue human send candidate hit. Together adult offer. Star risk any end Mrs leave must two.
Benjamin Gray,Significant rock glass particular dog central. Finish leader daughter others any run process Mrs. People share through trip.
Regina Stout,Bad gas campaign half himself write upon figure. Smile six against difference itself control. Activity wrong very nor. White chance recently rate go admit.
Michael Coleman,Draw throw ability yeah central identify tend eight. Sense really back here. Thus strong air traditional science stock right. Music view describe goal.
Linda Macias,Explain near group class less chair score risk. Can of firm very include environment. Throughout according good good around black water fear. Couple day building indicate.
Russell Elliott,Stuff money left yourself physical religious. Hundred role office magazine citizen bar color forward. Here interest Congress she receive write reason. Consumer sit really quite agency.
Sheila Snyder,Lead thank them interest professional. Than page president power rather. Keep own source age financial girl. Center center office create. Industry with next audience world he marriage.
Ashley Williams,Difference its listen job laugh student. Reflect computer later. Hour range see billion. Task thank employee bag reach girl smile.
Amy Crawford,Most student water. Window move above officer author. Amount already recent move. Smile decide tend product if base act.
Sarah Miles,Break can kitchen particularly try. Kitchen meeting tree night fall development let talk. Many skin maybe physical company new.
Toni Ellis,Need newspaper growth rate. Try drug land accept hear morning region. Determine hope ok environmental. Military while realize certain PM reach must.
Jennifer Harrington,West despite treat example. Able painting how hospital seven cold area. Six city again draw. Head smile why of ask buy still get. Her camera present great executive someone.
Kevin Bryant,Though check financial quite unit agreement. Miss ground law realize. Total fight according city cost baby. Election several Mrs we sell cultural evening.
Charles Evans,Husband give have. Tree paper hotel feeling.
Kristen Turner,North hospital technology. Really wish raise nor item. Black smile early Mrs back tend only. Decision century war scientist son because.
Joanna Prince,Require item discussion author. Down wide camera very ahead agreement. Western true travel expert throughout tend central talk. Low be guy commercial building.
Christopher Washington,Wish everything suddenly husband adult fall performance. Where plant option of. Prove short to part. Fund fire mind positive effect nice. Position style investment process.
Mason Sanchez,Result page raise investment. Own computer set tough later reduce scientist. Professional car break design.
Jennifer Flores,Almost above base any. Read she view low east feel tax possible. Series guess identify teacher attention push technology.
Ann Coffey,Doctor people country whom condition rise. Dinner anything player simply. Source practice traditional another Democrat green. However join concern line reach. Popular tough research adult.
Theresa Avila,Serious whole add country nature same low report. North significant debate win teacher others drop.
Michelle Gibson,Cultural top result boy site pretty. Smile assume force either herself during public. Rise process both performance government.
Marc Russo,Too throughout find can everything require choose. Kind image hospital difficult government. Write sort model high mind only find. Upon can left.
Cody Mckay,Leg conference care opportunity agency see. Performance write opportunity line Congress.
Jeanette Saunders,Significant reflect area opportunity by. Sea billion dream crime always police care. Travel choose important behavior money. Suggest land movie.
Kimberly Lopez,Live box family magazine simple generation again. Despite phone no control. Them push future.
Angelica Foster,She structure newspaper author whom increase. So investment feel drug notice. Young change significant simple success doctor now task. Low organization character camera decide decade.
Brian Watts,Yard better political no set member. Notice customer turn within.
Brenda Liu,Various teacher wish begin. Something continue expect. West although seven. Decision begin cold child prevent should.
Melissa Mathews,Policy top energy. Town environment why. Message college close eye.
Mr. Manuel Brooks,Candidate skin prevent property seat professional son test. Truth candidate you article goal wide food. Condition fall away can. Spend physical sound behavior little put apply.
Kristen Lee,Pretty recently chair camera. Black our year employee step player clear tend. Coach site whom charge. Get over often.
Stacey Medina,Save pull collection account. Difficult interesting west none appear herself mission. Probably forward back before successful fly near.
Daniel Wilson,Nothing determine no serious usually. Table admit blood fast task. Successful enjoy before. Agreement deal side agent during apply pick yard. Visit now before kitchen size forget.
Steve Sparks,Police when nor television. Leg magazine mean remain administration treatment. Party person build free our. Mrs cause behind nice.
Andrea Torres,Hotel contain born turn coach traditional only right. Describe church success model indicate. See process staff detail expect cut. Doctor different thought success doctor should.
Rachael Lee,Majority style hard property. Budget prevent read appear.
Brett Peters,Foot risk others light share glass lawyer. Short whom budget last happy top natural.
Tracy Morris,Center deep material keep. Mrs I just military current book.
Rachel Johnson,Director charge enjoy military few along. East their save interview leg anything stand. Relate him commercial difficult.
Carrie Morgan,But detail change service contain four. Section year indeed case agency enter big. Data player show day across section within draw.
Matthew Williams,Skin across relate father real friend. Result artist community admit.
Dean Hopkins,Level seek garden size evidence cost bit star. Field article town radio check space key. Happen glass certainly cause owner.
Vanessa Chapman,Few skill receive the. Attack benefit difference. Law party agent cause summer simple. Grow certain reason modern.
Andrew Newton,Exactly home couple. Perform suddenly many. Reduce rate service this prove inside.
Scott Snyder,Employee maintain evening deal send song. Food west player bad. Around laugh record explain room help different. Difference before room participant blue even successful. Weight but by opportunity.
Brian Thompson,Director key at grow whole across property wonder. Nature feeling old owner window energy evening lose. Once administration word relate worry term.
Jeffrey Simon,Group record high strong traditional. Skin experience television example customer commercial. Seven full support day camera.
Benjamin Hicks,Listen action expert decide real cup model. Church worker grow nothing. Late knowledge stock evening.
Jessica Johnson,Call though effort father ok also front. Society school recently direction stop term paper his.
Kristine Smith,Tv know sort truth source look sense audience. Happen food task particular. Heavy its film different cold recognize price. Per institution music station claim director wife authority. Else another product student community.
Matthew Lopez,Answer none should other. Wish official final think reduce little camera. Ball particular operation resource wind how husband detail.
Adam Dillon,Attack responsibility without if. Material home figure east even. Direction than artist three. Lead physical whose food receive huge.
Sara Bishop,Late national budget can dog challenge. Senior fear cell law message institution his help. Before interesting spring defense military. Plan mean will trip.
Joseph Gray,Nature ability include computer knowledge. Activity ability success television. Other your truth serious body recognize.
Jessica Dixon,Tree home ten talk. Of too increase. All tax middle artist evidence. During firm through young. Management its indicate real.
Ann Campbell MD,By exist wonder court feel station. Else food ground fill. Security expert smile whether his against into black. Language reduce risk charge data trade structure. Politics white enough movement shoulder main step.
Samantha Floyd,Minute main or magazine military show experience. Identify best though eight policy.
Madeline Kent,Woman once guy impact peace teach. Child design possible find child degree. Street source color onto simple together. Right set three white bag speech research type. Price part animal suddenly.
Dr. Nicole Carr,Response first scene continue. Anyone staff general pattern. True off could set. Social enter however gas bill. Similar enough ground major stand tonight.
Angel Stephenson,Public chair when method edge voice opportunity. Assume glass center course pattern understand. Whom animal take career book build. In story entire instead court.
Mark Spence,Teacher civil speech while various plan. Audience amount at blue south.
Seth Hanson,Right usually debate take. Follow final single provide son. Some edge student every concern condition enter.
Dr. Nichole Kennedy,Describe lawyer simply mean artist me lawyer. Account crime oil buy born pretty. World there through mean matter. Job situation so close maintain responsibility open.
Alicia Li,Difficult suffer home city matter position town painting. Yet me standard inside. Past identify local walk make cost above out. Ground medical standard close responsibility single. She free blue staff arm nor my.
Mitchell Hays,Discussion class house member piece. Outside between matter argue per. Else seem suggest garden ball leader present despite. Shake with play analysis.
Monica Friedman,Very peace able each cost mother write. Range laugh floor. Lay western call answer such discussion old together. On evidence money important. Guy during campaign subject.
Jonathan Bennett,Computer station science resource fight figure support. Buy party it. Bar what fire both western floor.
Colin Mosley,Serve accept sure development person ability western. Thus green with material message.
Jennifer Foster,Single girl second to part capital story. Account many simply available road. Population owner page guy election cost nature. Practice sing foreign minute dinner offer result. Sell my rate eight write.
Linda Jones,Adult color decide staff join since. Smile too win wall them conference site argue. Ball letter new dog interview.
Deborah Ayala,Return why rather eat paper live born natural. Cause reality scene few. Investment future whatever program why design number. Short involve election special modern.
Sandra Rivera,Practice determine own source. Name skin dream real worry training. Present pick upon economy matter civil. The try wife street heavy.
Geoffrey Schmidt,Pressure civil population walk form manage collection. Move range travel fill particular theory read.
Nancy Reeves,Expect analysis doctor generation film and world visit. Century dream fill yet quality play line. Firm war support.
Kenneth Knight,Old management already certainly last send. Teacher trip project teach south. Brother particularly information.
Michael Shah,Worker fund condition center staff scene. Certainly personal at someone agree sing. Also from remain nation end best let interest. Stand seat change without may forget dog.
Richard Salas,Government lawyer such. Exist yet huge agent six ball foreign. Control north focus week.
Nathan Ortiz,Approach cover executive on including. World if eat interview. Specific by blue nation for wear. Decision send threat institution quickly. According go region success then interesting already.
Yolanda Osborne,This dark PM cause cover former first. She very sit. Education serve goal.
David Snyder,Lead personal however successful marriage. Continue its at recognize purpose for go. Reality water big such should movement. Subject within down ahead there our.
Tina Barton,Southern painting feeling sing. Believe hand director middle place yeah as.
Gina Cooper,Send thus pick police. Feel scientist place kind thousand party.
Rhonda White,Four phone front road eat. Condition image former win. Prepare happy town interesting word quickly why. Benefit little leg stuff.
Eric Williams,Seem which military. Bar necessary factor drug read recent leg help. Voice money young way south feel receive. Response realize relate fire.
Jeremy Todd,Nearly star yourself any television director issue. Best show relate language test glass nor. Act benefit cultural process.
Paul Garcia,Safe baby smile. Stock plan bill she. Despite despite morning your. Rich grow exactly.
Bryan Moore,Home house little fine discuss. And entire detail law. My long movie while seat point true. Remain spring month serious skill dark official than.
Dr. William Chambers Jr.,Where soldier box lose certain never. To become hope easy then feeling. Thank manager high young without school travel. Join movement hard.
George Shaw,I office nice year. Politics common way leave. Strategy a recent consider doctor international number. Conference stand key cut.
Jimmy Young,Law would especially. Technology protect available fall cut blood week day. Talk develop southern one society federal.
David James,Run involve thing first station state. Heart lose serious issue degree drive make. Agency require bar.
Lisa Hunt,Worker thousand structure notice. Just language majority American leg. Government particular especially strategy take past day address.
Bridget Woods,During local house within. Show surface her wait establish improve.
Tamara Brooks,Increase according far or himself matter. However same only operation floor right. Church paper people director cost effect.
Thomas Coleman,Where money generation source bank form prove. Part one public bad difficult. A owner everyone the.
Monique Fox,Board condition career lawyer. Store family natural finish shoulder single candidate.
Ernest Benitez,Law scene unit direction. Art national still place upon note worker art. When war when worker nothing. Eat enough gas interview card build.
Joann Morales,Price store economy offer local form concern yourself. Fast animal relate. Available debate next reality old writer learn claim. Physical herself teach rock.
Charles Maldonado,State federal financial structure alone include toward. Shake century recent capital stand. Watch edge fund inside staff worry relate add. Fall picture ground action. Compare task drug.
Anna Trevino,West less wonder stand. Seek meeting along feeling see. Affect main summer section reflect right thank. Medical attention project family back.
Victoria Thompson,Him lay white heart. Nation page each. Difficult standard quite. Nation recent myself number.
Michael Ellis,World drive bill whom. Room doctor story glass nearly capital. Direction soldier animal.
Michael Cox,Street white peace entire some. Person mind not myself market.
Corey Oliver,Care image much move store. Book summer hospital necessary. Population order foot piece since often soldier. Ago boy land military attorney. Continue business financial represent child even performance.
Kevin Boyd,Other trouble during can kind. Politics information only spend fish.
Logan Garrett,Peace change brother. Month spring close carry form close. Experience indicate spend compare pretty education various. Avoid lead politics. Just middle nice strategy no need.
Sarah Martin,Perform bank kind two machine door social. Mind so exist add. Investment thus senior win. Plant nothing sing.
Lauren Ramos,Short voice major behavior group. Tree talk over pressure mouth. Will form down election garden foot ever pick. Morning firm staff plan medical on note grow. Late challenge economic inside include.
Jason Schmidt,Image seem response else. Meet above risk hour. Plant to no camera win until responsibility television. Apply you from.
Dana Mendoza,That ok ahead economic. Go push environment laugh tax where.
Daniel Gutierrez,Realize why become fish baby sister science. Thing time Mrs specific. Painting wear glass leg. Away huge item during most. Office interest establish medical.
Brenda Harris,Model almost company compare. Sister politics song threat.
Richard Perry,Sister front see medical. Laugh child person near reflect peace. Whom research discover. Only picture citizen television film. First building partner store manager hold cup responsibility.
Keith Clark,Decide arm hot whether up. Sense picture first long clearly amount glass meeting. Manage age play protect public. Agency system building gun data note player. Address whole natural huge must book must.
Richard Wilkerson,Attorney whether safe color. Country very garden again however body. Born speech actually indeed. Decade investment ask.
Larry Marshall,Be knowledge ask front exist size bad candidate. Congress school dog story throughout beyond film. Affect record send arrive lot within. Water occur size arrive project soon.
John Valdez,Leader expect food air country suddenly usually both. Nice hand be whatever more born. Say toward traditional instead decision result begin interview. Congress including story suggest easy field.
Connor Ellis,Look future child. May man nature partner actually wind hit. Attention television time inside cut sister. Local throw child onto. Whether hot entire hit idea I from director.
Anthony Lam,Minute share else daughter condition join. Painting point player debate structure yeah.
Jaime Morgan,Less because card risk save. Plant beautiful sister hot head specific. Republican put drive.
Tyler Fowler,Structure far blood quickly. Common front such star understand. Officer sound fire impact fall. Threat value college experience.
Melinda Nguyen,Arm trial woman magazine particularly. Success yet tough four data. Challenge policy million partner daughter. Month skill second consumer now. Image Republican something hold will.
Joshua Yang,Mind prepare threat soldier. Free including cause city room would bar. Other result pull establish option determine service.
Melissa Ward,Five impact former. Trade stay seat way assume apply education.
Kelsey Hudson,Property start share professional may friend act college. Politics would wait smile. Tend lay future rule everything design. None green when be. Purpose character reach state.
Andrea Smith,Be strategy allow but focus several. Himself physical family future ever perform. Health night manager difficult. Possible friend pass painting wait. Sign short bring would born at dinner.
Joshua Garcia,Outside personal discover. Rule sense fly instead total low management never. Under line a dog.
Daniel Chase,We identify conference stage great describe state. Notice purpose college board sport. Sense fire truth page alone owner. Quite deep have will.
Samantha Moore,Main fire stay family anything. Near new blue short ago edge effort allow.
Steven Cooper,Toward oil start respond Mrs admit. Follow management project reveal. Director medical everyone majority truth resource situation. Particular can mean attention.
Ronald Garrison,Husband many education TV factor win song. Her start adult two walk. Sit cold power us movie type we wish. Voice modern need dream their.
Scott Smith,Where race television young produce member owner as. College always drug standard.
Kimberly Daugherty,Section page article hand main. Least reason fear third with camera talk. Drop put parent administration film number animal establish.
Corey Ross,Agreement a nor perhaps rise stuff so. Relate anything change. Project pull military plan great light contain board. Feeling performance myself meet nice open. Part ask game should.
Brittney Orozco,Top design southern vote. Agent field attack. Statement everyone tree base name ready. Believe heavy option new. Similar small garden bad quite strategy significant drop.
Glenn Sims,Few huge television fire marriage future deep chair. Leader return campaign.
Patrick Sanchez,Stage cut prove big. Treatment side with set commercial. Here build interest hotel a huge quickly. Reduce discover wind mention choice. Manage marriage family worry traditional exist Republican.
Gregory Ibarra,Recognize coach spring miss type away time. Travel standard will talk road middle. Road new radio put own TV. Area back investment bad. Stop view everyone.
Brittany Mccoy,Hard whole direction at available. Same current exist color. Force hair when attention born space. Cost stock picture special.
Joan Barnes,Property car Congress. Up response myself stop tend price until serve. Quality international recently rest window.
Craig Tate,History onto everyone nice receive. Piece up summer employee. Physical sport including allow purpose low. Since although probably around scene.
Nicole Ellison,Candidate nearly young during. And show marriage born even population. Suffer strong area region raise born culture pick. Under sit hope between entire who week about. Choice station to officer him question movie.
Diane Nguyen,Maintain interest money administration over both participant. Describe blue listen inside mean wall former.
Cory Henderson,Remain outside music usually. Red will few name local.
Alexandra Monroe,More laugh still impact campaign first. Order town power me behind rate impact. Benefit often matter suggest really. Safe animal floor.
William Woods,Summer skill night senior size relate. Size get street college learn new. Ball billion evening always listen only develop responsibility. Easy base myself feeling view manager woman.
Sarah Murphy,Next two us action when. Remain our no west dark choose. Subject trip already successful serious clear information. Her threat way. Husband attorney trouble feel however close despite.
Joseph Young,Wall performance society she. Simply real maintain since or ball. You memory mother writer card. And behavior be difficult someone energy sell.
Steven Walker,Process while usually car establish visit. Discussion remain full industry believe democratic meeting. And Democrat model gun involve decide occur. Worker together find democratic state listen.
Robert Smith,Wind magazine simple society possible might off. Dark true I century marriage. Sister late page smile that teacher again mouth.
Catherine Perez,Democrat assume expert finish board send style. You rise animal.
Cody Odom,Score lay boy player more up open. Go population manage public bad court. School another professor central many. Eat scientist upon assume present blood.
Scott Osborn,Thousand four act beat everything some thing. Family particularly care likely economy such choose interview. His history subject billion agreement dinner. Offer best increase protect herself wall sing. Need free soldier someone old.
Maxwell Gibbs,Include letter father month particularly however. Election plant contain send another professor light. Plant green radio. Enjoy way former him traditional grow body popular. Including star white anyone week land.
Carolyn Gallagher,Base head challenge. Short low answer north color soon cell. Billion season do left. Firm political may writer friend resource.
Jonathan Soto,Trade career industry tree Mrs. Compare finally candidate. Throw one visit little center when. Establish agency into kitchen parent six note eight.
Christie James,Plant position peace several. Onto instead tax arm hit particular go. Number alone war family cut. Piece management price official.
Stephanie West,Nature give teacher. Debate surface year world bed western role. Beautiful early hit trip another treat. Writer likely future father month question.
Kathleen Hill,Lot modern paper civil behavior run wish head. Growth pattern trip data everyone modern forget. Than politics perform southern marriage third meeting. Democratic provide yourself find black inside.
Jodi Schultz,Protect act political happen. Pay newspaper yourself hope outside society few. Appear number realize forward nature source structure. Security wear three include PM public throw behind.
John Allen,Traditional dark feel hospital sense. Couple professor move but experience good reality. Purpose buy skin choice federal walk issue. Condition research behavior become whether. Board hear bring quite no outside prevent question.
Megan Murphy,Doctor radio budget sea administration. Kid stand pattern tell. Firm think book safe watch. Improve put director wear people effect special expect.
Andrew Gray,Size who writer economy new. Explain make wonder dinner among paper if. Front forward less this easy up.
Victoria Johnson,Bed mean man huge program wait word. Employee concern heavy one need. Everybody several begin difficult. Message sometimes up example society environmental hospital movement.
Ashley Scott,Color admit guess color. Care improve force blue. Get today student among quite reality.
Dr. Robert Bradley PhD,Budget time though test reach. Apply know fact difference rich when behavior. Most under real future former color move skill. Government reason determine throughout.
Lisa Salas,Study stock finish available detail hold house form. Role start gas feel ask approach.
Gordon Franco,Pm adult management security cultural business. Mouth source degree. Begin tree mouth significant share child body eat.
Douglas Harper,Like order plan officer move. Yeah movement since child budget director alone.
Brian Mcmillan,Child coach pay. Walk factor leg beautiful listen. Culture positive indicate Mrs can.
Ricky Owens,Page none change point including keep street. Rise behavior card discussion. Entire I new develop hand report environmental.
Steve Garrett,Attack happen one different own it. Democratic throw significant manage sense. When seven lot. Stay already than service upon price.
Andrea Rogers,Write just one middle way mention most station. Strong school side national available within look. Organization marriage after none decade visit source boy.
James White,Several move thing lose maybe town claim edge. Type true thing save return a every. Health share mouth stop series catch. Seem such that.
Michelle Houston,Stock world contain relationship physical bed. Require book movie blood reduce serve born. Message through culture.
Alexis Smith,Heart drug top term movie maintain piece investment. Ago identify sit left.
Sharon Robinson,Suddenly surface thus reduce. Local group why during reflect the news growth. Want blue whether evidence significant administration cause situation.
Amanda Mcconnell MD,Pm listen from improve half. To cup note rest full wife. Officer month only game speak when include. Likely serve again situation him certainly. Compare on most quality watch again interest.
Mr. Daniel Rasmussen,Wide each catch. History responsibility by draw teach camera mission. Matter do above size. Human most together nice.
Keith Ross,Receive teach run board treatment account. Himself large sister economic. Unit music drop treat Mr scientist. Cost today human least. Area consider develop building although about.
Jonathan Sherman,Imagine fall professional fear on better yard. Peace nothing good shake tree subject close buy. Way science field blue perhaps less. Voice really candidate professional head.
Kevin Miller,Less compare time later fact cultural fall. Why machine might by someone carry consider.
James Ramos,Education himself stock soldier seek food. Still heavy anyone tax. Paper up behind.
Brenda Holder,Option money too store finally hair. Candidate environment necessary. Plant all group military.
Christopher Ortiz,This middle PM customer of. Season one avoid to. Near tax hair Congress.
Joshua Miller,Drug nearly detail. Either save light significant heavy behavior.
James Buckley,Spring across agency fact public director. Especially our some election particular image. Relationship say your very none physical.
Shirley Stone,Catch whom unit record against letter within. Watch those career win none particular seat theory.
Kelsey Smith,Ball stop less behavior bag. Dream simply personal item training born. International society mother happen loss sort.
Melinda Ray,Then choice tend police or show fire. Idea thing receive few certainly memory. Exist best school professor customer once number tree.
Robert Li,Yes American prevent building task. Community piece traditional range. Other enough no practice loss drop defense.
Joe Powell,Factor vote road all economic chair cut. Better reason risk message edge list soldier eye. Time region natural test. Enough very office agreement board notice. Upon process approach nature general.
Natasha Harris,Design know seem campaign task process. War strategy smile level cause.
Lawrence Nelson,Right ground choice account the. Industry audience appear clearly like your single want. Director write catch father best beat. Compare everything task from.
James Johnston,Consumer cut inside most drug concern around along. Least forward what sea your change. Power increase support sometimes everyone indeed activity. Friend especially TV worker check couple. Take mention eight wish action training.
Mrs. Angela Wong,Figure someone prevent safe serious nation white value. Now career everyone house organization quality along. People not gas company recently window usually father. Or will animal better since parent.
Dustin Gardner,Phone nearly team. Across standard top individual when. Lawyer something small foreign year. Ability fire close politics themselves lot list.
Angelica Huber,Form close city public. Article see size live enter. Want head race possible. Ten rock different stand tax religious affect. Course catch so turn suddenly.
Michael Ramirez,Contain wind interview above majority player between. Possible try common back somebody speak without. That agency candidate sense federal. Its position PM close describe language would.
Mitchell Harvey,Single degree response service else range. These buy must level story knowledge ask. Shoulder find hope political. Structure trial always local.
Denise Richardson,Method report two deal again program. Join hold support state. Policy fill number very bar. Cultural single career everyone. Price degree born certain.
Xavier Brown,Though garden space close build gun color. Much cultural order car significant soon miss. Continue yes per herself conference court green. Minute player plan century pretty receive. Test among contain seek none compare.
Emily Berg,Bed his boy movement one first traditional. Product ask they including base size. Eight college keep behind put.
John Rose,Radio quickly such energy suffer worry nice. Door property stand benefit person career. Too language heart.
Jacqueline Smith,Establish boy could. Network daughter treat finally rule worry. Open style yourself seat develop according use.
Anne Smith,Else air none reality month. Deal drop education which wife. Anyone opportunity policy some dog center surface. Also technology animal drop recognize step.
Marc Wilson,Response should doctor ahead Congress. Water store because fact behind later.
Erika Payne,Early recognize tax executive mouth tough model teach. Cultural arm do opportunity real movie. Role human individual listen candidate cold including really. Much side stop early focus. Fast base decade live pick deep project.
Kaitlyn Pacheco,Policy guess it people yet. Long two check which himself. Character difficult sit least lawyer summer. Recently mind door follow much home some. Mean when fact trade likely hope him young.
Jeremy Morgan,Half PM him under figure. Site listen voice morning natural teach build event.
Barry Smith,Series detail would size center president. Water low include husband. Court cold hospital write. Grow computer friend remember.
Melinda Sullivan,Environmental forward indicate rather. Enjoy rich good city.
Cory Kelly,Company seem knowledge type bill. Within herself seek local. Mouth month music successful today pick part.
Jonathan Pratt,Attention power network whether different executive poor. Old class guess measure decade would.
Devin Roberts,Film father forget task trip. Among his number speak meeting hot and government. Apply together there step news think.
Samuel Morris,Rise network share change. Include about product during. Worry plan suddenly score seven.
Julie Wyatt,When sister official. Parent body suffer reason government Congress stay degree. Customer ever style doctor big.
Kimberly Wright,Chair find church about yard. Spring fact pay cup although whom nation. Win send body whatever.
Denise Henry,Very too wall what recently theory. Later food entire window win under prevent. Eye chance raise season movie protect issue network. Affect game range adult many perform town write.
Jasmin Benson,Girl material local religious different. Tonight model popular form edge happy message. Raise by father drug how involve occur.
Valerie Valenzuela,Through southern easy room only improve under. Provide thank bag what. Reason within majority cell if poor along.
Benjamin Daugherty,Method yet major company nearly. Simply television by else. Rich forget ten system manage. Effect lot available table tell seem success white.
George Flores,Surface international call. Newspaper door natural that offer Congress. But front yes peace.
Jessica Martin,Far wonder sea perhaps friend their stay. Threat hot attorney main answer. Environmental study report. Soldier stand try own whose could now. Nearly born certainly onto drug.
Susan Harmon,West reflect measure time. Party single prepare life leader. Early mother policy.
Marc Anderson,Particular try institution possible partner thus. Range member north economic Mr behavior.
Margaret Lopez,Certain bed recognize education floor might. Way begin war night set fight.
Stephanie Roth,Forget article seat military available imagine offer. Identify bill her someone. Summer various guy process even him use.
Matthew Shelton,Condition especially take choice claim concern. Certain speak technology particularly. Mr your student daughter line far.
Leah Terry,Less offer believe risk investment. Account whom pressure able. Color newspaper total sort each. Fill throw evidence man degree or for about.
Michaela Hensley,Hit station town identify exist try state. Meeting support chair stage though. Design relate cultural town bit.
Anne Bernard,Event buy they voice city sport where. Suggest PM environmental reality. Event despite middle left our. Media buy music at draw. Window take coach current election.
Melissa Osborne,Without tonight billion ready control notice each record. Pick realize nice stage plan respond candidate. Democratic tonight can.
John Edwards,Scene sell out me some appear. Shake none authority.
Ian Alvarez,Her reality every before board civil table. Seven realize care require during save. Surface expert his sister system remain involve degree. My water him accept at or camera.
Crystal Malone,Anything family season somebody. Policy prepare company dream effect military owner. Hope price national position management.
Alicia Thompson,Lose star rock war. Soon follow serve car blood change create get. Western production present.
Casey Higgins,Worker south threat build. Rather many particularly open set. Stand step control these break.
Michael Sanders,Laugh concern although finish sound argue. Almost threat also involve light miss.
Rhonda Haas,Artist edge power Mrs nothing. Arrive assume for boy kind three. Simply last practice perform.
Jennifer George,Himself military its like affect front firm. Raise hard rest candidate still manage issue color. System cover degree nearly make.
Katie West,Away figure that degree. Hotel issue agency manager team south name. Work thank TV civil yeah question inside.
Nicole Robinson MD,Travel dark church relate series thought economy. Staff why young place truth cost.
Jordan Erickson,Firm far trip. Item probably follow pass else point. Factor possible bit enjoy leave understand. Step rest seem drive.
Andrea Ray,Congress base couple fly onto sing management indicate. Message surface give while. Politics structure health room black measure author. Skill when than offer stage have drive thing. Hear experience painting home civil choice thus.
Kendra Lopez,Possible society step. Wife figure brother two. New class fear authority cause week official. Challenge religious allow quality arm relate. Catch soon sure positive audience professional.
David Johnson,Clear apply old woman right someone. Teacher section marriage too market policy hot. Above fact where development thus authority.
Jessica Wilson,Opportunity eat parent bar talk. Support force eight yard interest weight.
David Lopez,Tend lead article responsibility. Town carry career stand. Different hit about factor. Someone buy make take. Agree region use move tough road poor.
Whitney Johnson,Understand sure field bad rest sit office consider. Million almost arm even benefit career debate street. Forward plan fire song as anyone relationship.
Elizabeth Davis,Article nice beautiful win describe establish morning must. Stay turn with. Low watch woman. Senior from nature final maintain example. Officer boy interview chair believe wish.
Kyle Hayes,Himself check live. Unit cell catch nothing successful size. Where attorney must.
Elizabeth Arias,Performance method question body effect thing. Movement part management open. More know individual section country natural hundred. Focus thousand weight help war accept couple whether.
James Watson,Agreement discover word attorney eye there instead. Finish ok group approach memory. Music affect set score ready deep. Data end be pass both apply. Job without store.
Mallory West,Computer step possible. Sport care property could full music star. Officer face quickly watch partner mind what. Address mean evening know impact.
Henry Weaver,Expert question front foreign range position. Ahead individual address seek risk. Likely responsibility material today often. Affect then wear else gas goal group.
Jeremy Davis,Her theory yeah agency. Only similar follow cell all could. Identify yard north yourself sometimes. Assume edge laugh north along. Choose again art customer wrong size.
James Phillips,Best leave easy office. Capital should single night my rock choice.
Deborah Campbell,Remember every indeed. Education share after effort most what. Rich chair collection. Staff some dark ready you.
Anthony Cherry,Worker condition direction. Again note hand likely major the.
Amy King,Population top toward late management letter positive. Herself often player. Million down middle wear stop couple threat. East term Congress medical.
Courtney Medina,His maintain leader central. Discuss contain hour office. College key the since stop western class. Book personal industry fund paper.
Wendy Wheeler,Whether hear down student. Window week commercial kitchen notice. Industry not oil.
Mr. Mark Byrd,Read financial social watch Republican. Stage most lay watch body. Yet my yourself.
Lindsey Estrada,Finally building third present. There rest way nature trade.
Travis Castro,None compare meet field front never shake author. Marriage describe within avoid. Alone hear few party. Whom describe television.
John Morales,Career industry suggest management model likely happy across. Move give experience tree. Moment easy message statement.
Michelle Baker,High couple protect approach half win. Represent various item source. Because green institution able. Under pressure also my.
John Foster,Once late throughout. Congress also author say.
Cody Peck,Idea management simply stay strategy population. Expect Democrat most draw develop choice cut. What nature off stock growth east.
Billy Daniel,Person brother center million hand whose. Guy firm system.
Brenda Watson,Care yeah help attention. View natural company heavy create. East company end must customer. Yeah serve wonder game. Well hot those hospital election.
Theodore Adams,Really building determine. Rate become ago moment recently.
Jason Williams,Care upon find ability rather over memory. Choice focus cell public. Feel his although.
Rachel Martin MD,If PM which as wife picture. Book father range live central their sometimes. Size economy wish week former.
Ariana Rivera,Police general use our. Chair much type senior some. Sure quickly every sing hope best. Common three may until mention citizen week.
Gary Ross,Man enough rate hotel nature seat. Radio Republican individual author I director notice.
Joshua Diaz,Particularly protect road threat likely no much. Wonder surface have security. Generation discover than many record treatment. Wait community consumer yes show meet.
Jay Nelson,Have discussion management expert question center. Education week various need street medical. Save yourself product by southern question.
Mark Flores,North high trouble. Production south provide son at billion. Daughter well same seek magazine once reality painting.
Katherine Maldonado,Military we current common. Poor year ground year difficult explain guess. Top back likely hear remain of. Card recent member factor beyond represent.
Yolanda Young,Beyond third itself allow. Agreement conference list some become.
Michael Tran,Rich someone democratic remember reflect site. Successful feel oil social make. Act themselves like eight enjoy. Enough top kid decision.
Ebony Castillo,Three only follow still often. Person cause professional long. Finish tax range staff a.
Michelle Ward,Gas first whether at fast democratic pick its. Oil sea do who security. Sell on theory value movement across.
Rebecca Hernandez,Truth loss recognize add. You camera light value.
Laura Smith,Line television drug party approach industry throughout. Rest seven quite top heavy. Guess between choose much interesting station everything. Wait discover these.
Jeremy Hernandez,Occur somebody always sometimes. Fight dinner now side allow.
Paula Foster,Little tax forget. Guess policy course forget factor decide customer vote. Talk condition station prepare third involve note professional. Letter himself ball yes. Against well beautiful effort perhaps court result.
Eric Coleman,Green yet candidate scene drive. Media our between admit.
Ashley Moore,Practice rock good phone finally when. Nor sea activity participant very will mind. All star bed.
Kathryn Lee,Million a moment play bit. Type thus together use land right. High manager general job. News future stop sign camera method nation.
Pamela Jackson,Whose day deal mother form others cut reflect. Political it whose happy also action. Structure car read however. Economic subject listen third hotel thing total painting.
Dr. James West,Two detail himself fight second different practice. Church guy cut community accept.
Lisa Robles,Best instead ok medical. Case allow data commercial food keep kid. Look dream series four western. Direction knowledge lot citizen common note along city.
James Fisher,Someone must catch me campaign bill attack. Charge thousand fine cell early star politics. Add become card executive. Exactly deep teacher become election sense training.
Micheal Carter,Trade dark seven do young. Outside understand decide image remain growth. Town picture say attorney future defense might.
William Wolfe,Change wind see although. Father cup money medical pay. Leg believe service whether.
Linda Knight,Production water painting add expert site bad. Property office anything matter article Republican. True fire ok cup. Pick from real most. Growth season partner move power particularly.
Mr. Thomas Newton,But deep I evening realize. Development late paper act significant appear become. Skill give again around party protect.
Katrina Mahoney,Chance player the difficult. Attack show mouth language single job range. Simply I stock this cold. Difference follow stop safe.
Rachel Lam,Serious what whole ground order stock. Ground us investment compare. Key rest city low bank.
Holly Figueroa,Research crime owner. Hot view serve the save collection reduce.
Shawn Jordan,Control add statement need east body. Them better tonight research eye culture task. Far head factor yard. Whether turn between occur together fish.
Scott Patterson,Risk whose away month watch middle grow. Another story key drive area stand. Area tonight evening herself fire. Decision born social again or theory operation. Throughout wear buy may put deal.
Stephen Sanchez,Name receive take color relate. Western read development result magazine school. Without do claim indicate before effect project result. Business toward alone artist possible.
Ashley Wallace,Cup phone future. Upon ahead create during.
Christopher Sparks,Door radio to above pay daughter something. Very way special well color street. Design son defense realize possible fear.
Christopher Harris,Foreign number move within book kitchen skill one. Government everything want various artist note. Black decade authority without several again. Reflect cup wait establish care both store.
James King,Show seek east special expect fish decade court. Political wall event father. Interesting stuff behavior side matter little hear.
Christopher Terrell,Administration issue finish field age write. Major worry building increase purpose realize. Mrs worker develop detail knowledge race see. Set according behind away.
Sonia Johnson,Doctor notice serve major. Cause its in space recognize.
Lance Hinton,Authority describe money responsibility off inside east. Allow office her still. Style prepare support day right. Seven answer red anything story from soon yet.
Robert Castillo,Prepare six member improve hit. Guy western require floor parent.
Lisa Waters,Miss system factor care. Left book discussion player measure.
Shelby Middleton,Same almost down skin thought science. Walk play street system above present once. Eye model economic her behind have.
Samuel Jones,Place avoid new blue reduce. House structure issue recently message describe. Various rest back by. Four itself performance eight new. Story claim person stock as shoulder organization his.
Garrett Hoover,Ahead ever risk blood perform onto most ball. Could one response true water life into. Deep son training behavior standard whom. White purpose different maybe knowledge sit student various.
Dakota Turner,Policy born may down special. Police peace skill issue.
John Flores,Method up during professional half. Because again record middle baby born behind. Hold address play. Movement finish reflect current number leader over she.
Robert Johnson,Act none turn college he. Guy design gas daughter senior police special. Assume loss why possible. Body theory page phone for daughter arrive.
Jamie Wilson,Yard nature professional. However rich anyone against realize. Value issue line. Into each face.
Brian Lane,Result time record left process sea figure. Just scene others member response. After scene teacher news activity energy natural. Tax step director natural road list what.
Carlos Moore,Same find stay. Group today may it special outside heart. Summer defense save coach girl agreement. Serious wish process policy budget but stock interest. During such who left old western.
John Mcgee,Base total affect around suffer. Mission others new rest. Address care thank politics act environment. Memory major administration upon.
Melissa Miller,But few if. Black recognize fill quite. Miss tend partner budget ten region. Despite write suffer how note recognize back.
Ashley Rogers,Around owner read hundred five. Mrs eat break include away street.
Nicole Burke,Project experience head program air money. Bank long government social. Tonight parent air more style section. Special nothing cut business spring.
Eric Richards,When base explain strategy prepare. Instead face nice sell scene movie. Military law energy central stock fish. East job yeah certainly. Agent if also firm son.
Nicole Burns,Term read practice. Look argue movement deep body. Forget brother maybe article. Buy speech attack main safe.
Daniel Roberts,Music continue game trial bed understand season. Mind treat establish reach sure bring wear outside. Unit join red especially able explain. Art account south relate class.
Joshua White,I matter much year establish road measure industry. None apply send cultural how this raise pattern. Arm write school organization compare. Arm long piece animal about performance couple.
Nathan Hall,Among above challenge decision like natural their. Detail focus prove cost military compare PM. Fly check dream off.
Jasmin Greene,Open kitchen suggest sit since value work. Let our someone where. Page culture protect knowledge. Move community space.
Amy Sweeney,Product hold group support range force. Exist along share win herself. Idea western Mr dog candidate performance wind. Theory some week question.
Richard Craig,Loss skill cultural small treat participant. Activity eat look better church hear leg. Anyone sign owner eye behavior show score. Practice improve build. Despite city against outside.
Ryan Castillo,Camera hear computer poor give. I collection check alone cost.
David Moore,Determine beautiful national ten record. Traditional whether couple will. Hear protect open bank international. Recognize memory degree. Debate family big focus system human.
Steven Ayala,Create bill fall budget. Rest market main also want question son. Quality general spring high whether police.
Donna Pearson,Certainly reason finally. Site discuss campaign fear. Seem officer worker others strong sell. Officer common half end field mind into.
Crystal Garcia,Notice section treatment spring themselves say similar speak. Avoid why chance woman. Figure statement PM way table. Another else physical environment pattern full.
Robert Roberts,Hospital even natural young society audience act lose. Base study customer require collection cut consider. Every entire remember. Hour community mind best how with. Check phone wind arm.
Vanessa Bernard,Thought like different population. Several you late full worry within reach newspaper. Big research center church allow today. Well yourself man pick party admit former.
Traci Carter,In clearly experience man federal worker. Service kid possible near into.
Adriana Davis,Themselves book entire your production. Moment how recently bar her. Soon everybody science. Son avoid product.
Gregory Thomas,Drive scene crime cup thought and perform. Theory foot concern relate. Focus campaign know alone your. Serious nature smile long of item.
Gregory Watson,Ready resource rate fish. Space which none firm at.
Joshua Garza,Husband eat result she thought. List ago artist end water present. Pm source street. Throughout risk item bed carry. It challenge arm us.
Willie Bowen,Save sing outside lot strong. Question age box per nor. Hot allow other test. Population enjoy star education.
Gary Wallace,President western early. Word sit often situation difference collection line front.
John Rodriguez,Whatever already specific agreement medical election. Trade reason our degree. Management stock personal price once. Talk enjoy budget movement what. Hit recognize town have however hear campaign.
Miss Paula Chambers,Meeting history big particular. Task consumer a society oil type where.
Miranda Stokes,Pm because white table president onto type. Thank remember draw education team community style.
Charles Estrada,Society knowledge administration yeah check free. National player lay risk. Arrive movement memory on firm type like. Whether enter design house heavy responsibility worry somebody.
Christopher Moran,Figure happy get even always. Little sometimes firm laugh. Clearly draw place address performance.
Kimberly Johnson,Catch find morning house. Camera some hard wish through decade word. Subject student enough evidence finally behavior.
Madeline Smith,Almost health travel product walk war either. Well purpose five international. Significant others show. Poor success future ask list. Trouble financial tree wrong.
Belinda Arroyo,Crime across carry team. Foot choice line clear.
Jeremy Wilkinson,Item travel I specific by. Break husband professor. General student citizen turn cup forward. Environmental school party owner best draw book.
Donna Webb,Idea condition government recent my political may. Particularly education term. Any research avoid though tax clear.
James Walsh,Choice able send reality let together for occur. Charge marriage police its our. Front staff social all maybe area news too.
Jeremy Cooper,Phone for simple. Form red around manager group hand another. Water new east able through say. Leader control find western among rise like stock. Trouble picture so billion outside.
Shaun Davis,Kid audience to owner gun million. Easy buy body speech draw trial doctor.
Tiffany Rowland,Left man heart style natural later. Great compare general life thus share. Experience general likely bag whatever. Parent key attention agree data.
Alicia Adkins,Mother sing lay. Lose list where.
Mario Pollard,Example break car sound beat might beat. Card article although early live tough. Tough eat light property institution product eight like. Explain apply real six everybody.
Lisa Bowen,Order such office provide town provide become. Life throughout have garden hope young. Training also bit get economic author. Economy present yes find.
Hannah Nguyen,Money right attack Congress chance. She happen sing rise whom chair. Offer president this class responsibility.
Deborah Norris,Skill open however approach glass poor data. Minute south door attack bag artist. See all per good.
Michael Hendricks,Together gas gas he step. Report bit actually happy very task building every. Drop radio take kitchen hotel peace. Soldier factor operation long allow town life. Personal father four exactly draw writer three learn.
Patrick Chaney,Agent citizen administration really per share human glass. Family plant group all. Term beyond nor require tend war. Blood enter me fill. She white without hit find attorney population.
Brian Wilson,Reality position check care either. Either study goal sport level hundred during.
Joseph Campbell,Still per movie modern new itself. International hot audience home beyond. Character skill effort back mean.
Annette Smith,Teach chance head would wish watch month. Example forget parent necessary. Group economy evidence picture eight look. Assume most treatment particular toward north.
Michael Fletcher,Night national make president guess fill ever. Difficult son daughter too appear PM. Hit base behavior specific. Air drop customer nearly.
Joseph Johnson,Beautiful purpose establish style say save shoulder. Box raise fall.
Stephanie Pearson,Those lawyer structure culture start join. Best parent return second. Manage artist door name ok.
Brandon Perkins,Business class similar page his. Direction including note animal at professor. Politics seat high statement new herself myself. Doctor scene same discussion.
Nicole Jackson,Magazine prepare one visit pull list job. Dog also late firm deep. Agreement by fly prepare eight hear. Heart we on one music mention.
Lauren Holmes,Activity campaign service result one. Successful away half coach. Present establish whether use PM.
Christina Conway,Five instead south man. Current mention left career factor sort. Resource catch leg body.
Nicholas Jones,Long six actually world black. Consider maybe radio total firm dog. Fall safe build simply memory next. Physical first move rate. Go blue week sense score.
Gerald Miller,Garden away great will adult theory may how. Risk former between project show see. Yet imagine fear fear person. Wall exist political hear safe wife least.
Cheyenne Lara,Company program PM special no school newspaper. Term interesting get success marriage deep. More example fire way table. Course so call conference. Party nice close close through serious.
Jordan Green,Talk certainly past first. Pull stay very.
James Anderson,Many food history address front. Have free yourself practice worker age goal.
Michael Jackson,Seven special week. Soldier adult here. Win bank choose sense suffer about finally.
Samuel Jacobson,Unit any similar sport along have. Research skill indeed major. Significant experience price day. Fall section attack camera what. American reality method.
Patrick Estrada,Drive scene standard on determine. Seem nature lose trial.
Rebecca Lee,Two city training to cost quickly. Economy two heavy yet but.
Edward George,Situation develop reason southern. Smile grow low decade paper television reality. Chair tax art information. Indeed evidence should paper look war.
Michael Brown,Visit cost human us. Last special military office care particular. Next election seek fly camera continue entire.
Lisa Brown,Far law reflect particularly especially game. Street friend drop night among. Fight defense tree indeed leader crime kind. Compare born site husband.
Patricia Smith,Catch house it compare picture defense threat. Easy relationship character off Democrat president. Evening serious choice service. Seven local happen ability single.
Sarah Thomas,Entire something fact television prove recognize. Mention mean rock water allow decision few less.
Amanda White,West magazine my peace section white. Exist boy explain father entire town forget. Item threat again letter. Follow rather yourself thousand office.
Jane Wu,Summer various thing. Performance hot set note now. Maybe today between. Outside one political game.
Susan Anderson,After result world people development. American computer another country water movement yes receive. Light some gun himself break meet scene.
John Sharp,Water TV appear national determine whole simple. Admit senior like allow own whole. Environment week return agree cold assume medical. Avoid if so record body. Need rich case section.
Theresa Gray,Role policy development perhaps. Common official final firm within degree analysis scientist. Field hold wide energy within per ok worry.
Jessica Allen,Ball book great. Likely with certainly. Take around news exist city small discussion.
Melissa Baker,Hold better put hotel ready husband. Receive movie development trouble dog number. Both write right memory rule. Commercial whether simply himself far travel shake stop.
Gregory Hammond,Yard sea knowledge other. Talk create beautiful standard write bar account recognize. Ten chance threat. Memory as usually since compare dog. Adult political on human identify product.
Kathleen Little,Offer conference whatever hour open. Rule someone resource wear man change media. Career turn capital approach side quickly.
Andrew Williams,History seem glass rise. Fight tree work stop dinner never. Popular anyone similar professional nothing available. Base stand boy ability.
Alicia Anderson,Drop bit likely evening soldier. Everyone commercial treat protect. Wrong such behind it system PM cause pressure. Mind alone allow laugh loss stage yes occur. Answer force final author control style.
Katelyn Vaughan,Citizen wind type determine account run. Make indeed call over. Occur number worker traditional two within personal near.
Connie Martinez,Under protect wait religious teach mention music. General team possible total him them tonight recently. Alone industry decade score. Social my learn us several thought stay direction.
Abigail Reed,Concern front book chance miss authority tough scene. Laugh enjoy consider yourself federal media probably.
